Iteration,N,Tuple Time (ns),Variadic Expressions Time (ns),Command Interface Time (ns)
1,10000,605000,864400,1234700
2,10000,559200,782300,1084300
3,10000,624800,769600,894700
4,10000,539000,785700,881400
5,10000,558300,733300,841800
6,10000,645600,799200,900500
7,10000,613300,1118800,879800
8,10000,628700,793900,885900
9,10000,695300,947000,1226900
10,10000,717900,793300,885600
11,10000,691600,801400,1196900
12,10000,570100,845200,1203000
13,10000,568000,802800,1282300
14,10000,873000,797400,942700
15,10000,537300,791100,867100
16,10000,839500,796700,875700
17,10000,558700,814400,871800
18,10000,528900,755400,940600
19,10000,552100,750900,952400
20,10000,681400,936900,949500
21,10000,569700,794700,1157600
22,10000,536900,753500,880100
23,10000,548300,762400,856100
24,10000,546600,763600,864400
25,10000,608100,773100,884900
26,10000,558400,734200,858800
27,10000,744700,742100,904200
28,10000,555700,1003100,1110000
29,10000,912900,739200,904900
30,10000,544700,759600,840300
31,10000,567300,756800,899400
32,10000,536200,765100,855000
33,10000,548000,742100,844500
34,10000,715300,747900,876600
35,10000,551700,727800,847300
36,10000,709000,763600,848800
37,10000,563500,766100,888100
38,10000,560200,777100,871300
39,10000,609500,742200,898700
40,10000,645300,769500,848900
41,10000,543800,738500,891600
42,10000,704500,826400,994900
43,10000,782300,833200,1016400
44,10000,558500,747600,850200
45,10000,710800,859000,856900
46,10000,585500,723300,854400
47,10000,541600,733900,1131200
48,10000,552300,755500,849200
49,10000,562200,835400,951200
50,10000,557300,750900,879300
51,10000,637000,766200,881400
52,10000,636400,724400,855700
53,10000,544900,742500,869600
54,10000,552400,751200,903700
55,10000,549000,755400,950100
56,10000,547400,763100,1006800
57,10000,570100,758300,878200
58,10000,575600,776800,965800
59,10000,614200,755200,858800
60,10000,572700,847200,863500
61,10000,627000,739600,884200
62,10000,555000,766500,851700
63,10000,568000,755900,995500
64,10000,730700,857900,902200
65,10000,754200,756600,857300
66,10000,532900,740600,820700
67,10000,978900,791400,866600
68,10000,601500,858800,824500
69,10000,1046300,1053700,962400
70,10000,561000,1016699,875300
71,10000,573800,769600,960000
72,10000,600900,808000,868100
73,10000,577000,777200,943800
74,10000,557000,723100,863700
75,10000,631600,767800,892600
76,10000,647100,814300,849700
77,10000,725600,777200,903800
78,10000,545800,752400,852200
79,10000,859400,775800,887100
80,10000,584700,745400,858500
81,10000,636800,770500,848900
82,10000,585000,784900,869200
83,10000,608100,738200,894400
84,10000,536100,759600,861100
85,10000,551900,757500,859000
86,10000,891700,874600,897200
87,10000,550400,836000,919300
88,10000,535800,787800,866900
89,10000,544500,784300,961500
90,10000,531900,788900,843000
91,10000,883300,716900,1078300
92,10000,549600,754800,836500
93,10000,569700,809100,912000
94,10000,536200,844000,842500
95,10000,711200,781300,859000
96,10000,546400,704700,861400
97,10000,573400,792200,868400
98,10000,531500,753300,922500
99,10000,703300,772800,1138500
100,10000,548000,776900,870800
101,10000,559800,775300,847800
102,10000,603500,808600,904700
103,10000,554200,775100,864200
104,10000,627500,747700,900300
105,10000,542200,737400,841900
106,10000,569600,746400,873800
107,10000,536500,810300,841600
108,10000,741000,812700,947900
109,10000,672900,750400,848200
110,10000,775000,812300,913300
111,10000,926600,715400,858100
112,10000,542700,748200,880300
113,10000,557400,747600,923300
114,10000,564400,824600,853200
115,10000,548000,911100,873600
116,10000,567500,771100,857000
117,10000,528800,788500,871700
118,10000,550200,775100,866200
119,10000,592400,745900,863500
120,10000,558500,776700,846200
121,10000,549800,798700,863200
122,10000,526100,755700,857700
123,10000,559300,807300,927200
124,10000,571600,753300,857800
125,10000,560500,747100,873800
126,10000,590300,1000000,896700
127,10000,598500,761400,841500
128,10000,740400,762600,848800
129,10000,569200,855100,896100
130,10000,836300,858900,971100
131,10000,553600,846000,922400
132,10000,573400,777700,870900
133,10000,541400,1042000,899200
134,10000,562900,788700,859300
135,10000,532200,815100,905600
136,10000,546600,742300,838400
137,10000,550800,767400,917100
138,10000,625200,749400,857800
139,10000,553300,756600,871500
140,10000,548600,1022500,867600
141,10000,729400,845000,869300
142,10000,820200,918900,1056000
143,10000,959000,749200,874700
144,10000,526700,742400,854500
145,10000,563200,769900,870000
146,10000,1288700,729400,1000700
147,10000,1020899,778400,864800
148,10000,589500,751300,855200
149,10000,857100,755600,909600
150,10000,608600,772500,963300
151,10000,715400,752800,927800
152,10000,666200,871400,923600
153,10000,555300,780500,896200
154,10000,527900,1003200,1053500
155,10000,539400,780000,863700
156,10000,745200,737200,911500
157,10000,736700,797200,858500
158,10000,537000,747700,894900
159,10000,544600,787500,968100
160,10000,548200,771500,884100
161,10000,524400,824300,860600
162,10000,549400,802900,857200
163,10000,539600,723500,872100
164,10000,534900,765000,871900
165,10000,611500,802900,988299
166,10000,583800,812400,986300
167,10000,546600,828400,935400
168,10000,577400,813200,907900
169,10000,554300,750000,887700
170,10000,578500,750000,879900
171,10000,586700,845700,862700
172,10000,585800,765500,834900
173,10000,548600,772700,872300
174,10000,757500,865300,972500
175,10000,717700,821600,868300
176,10000,573400,769800,990999
177,10000,537600,784000,844500
178,10000,532600,741100,894100
179,10000,550100,764100,870000
180,10000,668000,763200,924300
181,10000,728400,741500,829600
182,10000,547100,759200,853100
183,10000,568700,829200,868700
184,10000,569200,756000,907500
185,10000,611600,771400,841200
186,10000,620400,834600,917400
187,10000,602000,715000,870300
188,10000,905900,898100,891100
189,10000,539100,764000,848600
190,10000,785200,772700,891200
191,10000,639900,855600,863700
192,10000,559700,805400,866300
193,10000,913000,915200,857100
194,10000,551200,735300,972400
195,10000,574000,756300,884300
196,10000,664400,820300,1101900
197,10000,743000,897300,880200
198,10000,546000,812700,895100
199,10000,596100,718300,843700
200,10000,541300,729500,861500
1,20000,635300,804800,857100
2,20000,810200,804500,905700
3,20000,758300,754300,834500
4,20000,610600,993600,918000
5,20000,999000,865300,916200
6,20000,700100,773100,888200
7,20000,642500,792000,895300
8,20000,840600,954600,886800
9,20000,611300,790900,911400
10,20000,598900,830900,1007400
11,20000,631600,791700,914300
12,20000,608500,768200,904600
13,20000,650900,742500,930700
14,20000,632900,786500,951100
15,20000,664900,785600,892800
16,20000,601700,740600,924200
17,20000,614100,792500,860300
18,20000,768100,813600,960300
19,20000,627800,979099,896800
20,20000,605800,823800,853000
21,20000,600500,779600,933400
22,20000,638400,751900,900500
23,20000,603500,809200,908700
24,20000,602300,787600,861800
25,20000,688400,744000,870600
26,20000,627400,956100,1061600
27,20000,651600,780600,868700
28,20000,600300,712800,845500
29,20000,945100,810200,869600
30,20000,600800,780500,883500
31,20000,599200,738500,933400
32,20000,637600,785800,905200
33,20000,587600,918500,885600
34,20000,601100,803600,951800
35,20000,585400,770200,842700
36,20000,696400,805400,956100
37,20000,673500,758800,851000
38,20000,632400,987500,937600
39,20000,701200,721400,863900
40,20000,611200,763100,891600
41,20000,615100,762400,863600
42,20000,674100,770600,867100
43,20000,604500,785000,863600
44,20000,685300,772100,1020600
45,20000,660400,932000,862200
46,20000,796100,847500,923900
47,20000,663600,747600,922900
48,20000,580300,777000,1162800
49,20000,744400,802000,875300
50,20000,603500,773300,1026800
51,20000,628600,796600,1000599
52,20000,605800,745400,854700
53,20000,647300,842800,966300
54,20000,620700,779400,894800
55,20000,634100,739500,1037600
56,20000,613700,752600,872500
57,20000,623900,738800,880400
58,20000,614100,759600,918100
59,20000,613400,763300,863400
60,20000,637600,735400,1121900
61,20000,584900,731400,842700
62,20000,892500,844000,1103800
63,20000,813300,872700,1076200
64,20000,603000,746700,873700
65,20000,609100,816600,933200
66,20000,611900,763300,871300
67,20000,630400,752300,885900
68,20000,629100,802300,861800
69,20000,659100,764000,897600
70,20000,619300,747200,1128000
71,20000,697900,988000,924800
72,20000,626600,706200,873800
73,20000,609500,739900,857300
74,20000,632500,771500,916900
75,20000,601400,741400,866400
76,20000,628800,768500,880300
77,20000,626800,798900,865200
78,20000,670300,1036000,1100500
79,20000,851100,730600,837600
80,20000,604300,777300,918000
81,20000,797900,890400,926000
82,20000,645600,830500,998299
83,20000,724200,708500,869500
84,20000,616500,809800,930900
85,20000,683000,781800,854600
86,20000,594900,765800,874600
87,20000,647500,774100,998200
88,20000,837900,823400,1056700
89,20000,622400,754300,898200
90,20000,995400,838700,899500
91,20000,605400,787300,897600
92,20000,698400,987100,876000
93,20000,649500,812000,926300
94,20000,752900,723800,927200
95,20000,701100,716800,860300
96,20000,583700,767600,862200
97,20000,620500,796100,855900
98,20000,609700,738900,1036700
99,20000,647300,803200,902500
100,20000,619800,763400,882700
101,20000,1077900,736000,842100
102,20000,595000,738800,869000
103,20000,591900,793600,889400
104,20000,615000,988900,842800
105,20000,633800,716700,1125900
106,20000,816900,779900,913900
107,20000,583100,741200,1140000
108,20000,606300,740700,875700
109,20000,639500,747800,866100
110,20000,630600,870100,885000
111,20000,813700,817400,897300
112,20000,705800,752500,868600
113,20000,720600,762000,861300
114,20000,684500,764700,997700
115,20000,601000,787000,848300
116,20000,622100,699600,865400
117,20000,610600,864700,880000
118,20000,742100,1014100,875000
119,20000,592000,742300,1019900
120,20000,642700,902800,900400
121,20000,614000,817500,861400
122,20000,606600,856300,970100
123,20000,885800,749900,880700
124,20000,607000,775600,859200
125,20000,702300,748400,901200
126,20000,605900,771600,880000
127,20000,593500,726800,924400
128,20000,735300,850300,938200
129,20000,678900,905400,1100700
130,20000,597400,775200,979499
131,20000,609900,787600,864300
132,20000,602900,977000,1177300
133,20000,628200,787400,862000
134,20000,603300,984899,1105600
135,20000,647900,800400,856000
136,20000,824300,814300,893100
137,20000,619200,796600,875800
138,20000,662300,726200,814600
139,20000,676200,780200,944400
140,20000,597000,811900,852600
141,20000,608600,783700,865800
142,20000,686700,715400,852100
143,20000,589500,750800,905900
144,20000,618000,832300,896100
145,20000,610800,754300,874700
146,20000,737000,1073600,1149100
147,20000,584400,776700,946500
148,20000,603100,793300,981900
149,20000,634400,760500,934100
150,20000,735600,902700,930500
151,20000,819500,820900,898000
152,20000,595900,752500,837800
153,20000,694200,753600,868500
154,20000,621900,795400,892000
155,20000,608400,812100,852200
156,20000,605200,747200,880100
157,20000,619200,840100,947000
158,20000,689800,818600,882200
159,20000,608600,763000,870100
160,20000,847400,771000,909600
161,20000,670500,784300,873700
162,20000,593700,755500,976700
163,20000,599400,746900,889000
164,20000,629600,1043000,886200
165,20000,644100,822000,881800
166,20000,587000,759200,853300
167,20000,678100,923800,1083800
168,20000,626200,759100,887600
169,20000,776200,821900,847300
170,20000,598600,782100,1055400
171,20000,786800,823900,864000
172,20000,605900,772600,955000
173,20000,666000,907000,865400
174,20000,607000,909500,875000
175,20000,614200,881200,884500
176,20000,669900,783200,866500
177,20000,600600,774300,852400
178,20000,683800,815200,958800
179,20000,1504800,778600,908500
180,20000,615900,779300,895600
181,20000,650100,988200,859300
182,20000,618600,682600,878100
183,20000,690200,765200,862800
184,20000,644200,773400,995900
185,20000,840700,928200,928100
186,20000,633500,793400,913700
187,20000,871500,759000,868200
188,20000,675600,760200,865800
189,20000,617500,785800,913700
190,20000,682100,755600,1722900
191,20000,610000,766400,1042500
192,20000,599000,738500,872700
193,20000,599100,715800,828800
194,20000,1025900,924500,926700
195,20000,698300,799500,1073700
196,20000,882500,747500,885800
197,20000,664200,818900,959100
198,20000,585900,871800,1183700
199,20000,593500,959500,1063600
200,20000,749600,763800,872000
1,40000,650200,1005000,1164900
2,40000,675800,813400,890400
3,40000,675400,1055400,1164000
4,40000,712100,813700,879600
5,40000,624400,749300,877400
6,40000,671100,847200,926200
7,40000,644700,750400,924600
8,40000,933700,816100,959500
9,40000,614300,785000,899000
10,40000,727200,755700,878400
11,40000,642600,759300,902100
12,40000,666800,733100,880100
13,40000,645100,809800,906700
14,40000,639500,797400,918600
15,40000,647500,704100,922700
16,40000,740400,805000,899300
17,40000,826100,788000,882700
18,40000,690300,759300,884500
19,40000,631400,774300,868200
20,40000,672000,800200,877200
21,40000,653100,812700,872100
22,40000,638300,786100,891600
23,40000,663800,782000,921200
24,40000,694600,768800,914800
25,40000,633700,741100,894600
26,40000,650700,1038400,1033800
27,40000,678500,767400,917600
28,40000,834600,779000,944300
29,40000,629300,1073500,1188000
30,40000,874400,751100,861300
31,40000,639100,744600,957800
32,40000,619700,916300,870000
33,40000,651100,905500,916500
34,40000,631100,770500,878900
35,40000,693300,741400,919200
36,40000,699100,702600,883000
37,40000,640900,820200,890200
38,40000,835200,836600,1144000
39,40000,697000,751800,892600
40,40000,735000,801500,928500
41,40000,637000,747700,872900
42,40000,626000,1014300,864000
43,40000,622900,837500,942000
44,40000,654700,1031000,1145300
45,40000,652800,714600,1141300
46,40000,630600,1019800,1002000
47,40000,629800,759400,1102800
48,40000,788500,891800,861800
49,40000,855000,756700,921900
50,40000,642200,765500,884700
51,40000,657200,754200,998100
52,40000,828600,738300,940500
53,40000,712600,784000,909000
54,40000,649400,751200,855500
55,40000,659300,1062300,1122000
56,40000,803100,807300,1006800
57,40000,842800,1055200,964000
58,40000,626200,834300,895000
59,40000,658200,755400,990500
60,40000,646000,795300,918900
61,40000,685000,841300,882700
62,40000,643000,906700,901100
63,40000,722400,745000,879500
64,40000,679900,755300,939700
65,40000,698000,801400,885100
66,40000,595900,760500,1011100
67,40000,646100,884000,936300
68,40000,624600,980600,1128400
69,40000,667000,823300,867900
70,40000,1058800,763700,905600
71,40000,642500,814300,861500
72,40000,923500,990500,1116700
73,40000,628800,785600,875000
74,40000,640300,1116800,1039100
75,40000,625400,860900,893600
76,40000,630900,771300,910500
77,40000,680600,803200,960000
78,40000,627400,755100,867800
79,40000,639600,894000,890000
80,40000,657500,997800,876800
81,40000,657000,739400,965200
82,40000,824500,948500,960700
83,40000,651800,840100,892600
84,40000,624100,742100,870300
85,40000,674700,784100,930200
86,40000,631300,823400,936300
87,40000,756500,930900,908700
88,40000,686000,756300,908900
89,40000,864400,736300,916100
90,40000,658900,1022300,1129700
91,40000,820000,790000,1191300
92,40000,622300,1146900,1125600
93,40000,808700,757300,897200
94,40000,656900,757200,882500
95,40000,651900,770600,919900
96,40000,635000,764800,892800
97,40000,660900,761400,875300
98,40000,619500,903800,892500
99,40000,645600,804400,931300
100,40000,645800,814100,972500
101,40000,661500,757400,932200
102,40000,786200,864500,976500
103,40000,665500,881800,947700
104,40000,667300,838500,906200
105,40000,751400,759800,1041800
106,40000,702500,906900,863000
107,40000,649700,894400,940900
108,40000,691500,739000,1086300
109,40000,613700,783200,909600
110,40000,642600,753300,904500
111,40000,667300,880300,1107200
112,40000,615200,781400,899000
113,40000,733100,1078800,1157400
114,40000,652100,812800,926300
115,40000,639700,741600,1106500
116,40000,749800,761100,912300
117,40000,634800,788200,884500
118,40000,647600,778700,936000
119,40000,621100,762700,868700
120,40000,617300,766900,1205900
121,40000,633500,784300,872700
122,40000,930000,756300,1186400
123,40000,713200,961700,1170400
124,40000,838600,748000,890200
125,40000,646200,734100,965400
126,40000,851200,868400,950000
127,40000,632600,991100,1119300
128,40000,623300,824300,874500
129,40000,838100,781200,895000
130,40000,634300,785500,1060400
131,40000,652300,933200,963400
132,40000,623700,759400,877700
133,40000,651700,760500,907900
134,40000,661300,755300,957700
135,40000,685000,759000,880500
136,40000,618900,753700,878200
137,40000,821800,764800,888100
138,40000,654700,815400,896800
139,40000,632000,1010000,1104300
140,40000,647900,760200,911100
141,40000,659200,796900,870400
142,40000,641800,756900,905100
143,40000,621100,792400,1109000
144,40000,618700,810400,1012799
145,40000,1433700,791800,887300
146,40000,681100,775900,900300
147,40000,625100,909000,884100
148,40000,847200,975100,919500
149,40000,800800,822200,934300
150,40000,671800,815000,883700
151,40000,653100,805000,1008800
152,40000,614200,987199,1201600
153,40000,607900,1010800,1014900
154,40000,716200,778200,852400
155,40000,634600,760600,856500
156,40000,715000,773900,861200
157,40000,660700,798200,905300
158,40000,617900,807000,1044800
159,40000,710500,799700,920600
160,40000,634200,769300,914300
161,40000,751700,897900,892900
162,40000,699400,858400,946200
163,40000,657900,842500,927300
164,40000,644000,745000,900900
165,40000,826000,789400,898100
166,40000,662500,832500,895600
167,40000,1572100,759900,957600
168,40000,699400,781100,880500
169,40000,1119400,747400,861400
170,40000,718900,819100,907400
171,40000,627700,784100,892400
172,40000,630000,776900,907600
173,40000,863600,762200,883700
174,40000,626800,782800,927100
175,40000,614000,943700,929900
176,40000,620600,815400,1010000
177,40000,615400,798900,918500
178,40000,1531300,820400,970000
179,40000,639500,749300,875100
180,40000,1122200,735700,868200
181,40000,638400,1079600,975400
182,40000,635100,782600,878800
183,40000,626600,746600,859300
184,40000,645600,759500,898500
185,40000,677100,745500,861900
186,40000,965100,951600,1077100
187,40000,661300,752600,877200
188,40000,762500,727900,873800
189,40000,777600,780200,888500
190,40000,853200,727200,875400
191,40000,619900,934300,913500
192,40000,664300,776500,965600
193,40000,621800,747300,1013100
194,40000,624000,746800,877700
195,40000,680200,771600,1063500
196,40000,675400,768000,845700
197,40000,622800,743400,1034299
198,40000,626100,803200,883500
199,40000,621100,762000,882800
200,40000,797400,853900,926200
1,80000,719100,796400,964400
2,80000,855700,934000,1041000
3,80000,721100,783700,958000
4,80000,693100,996300,1123900
5,80000,736000,894400,927100
6,80000,693800,1013100,1141500
7,80000,685500,753800,895100
8,80000,706900,797200,915100
9,80000,697900,772100,911800
10,80000,921500,756300,900400
11,80000,746700,799300,987500
12,80000,676000,765700,924800
13,80000,682400,770000,935100
14,80000,808300,831200,1089100
15,80000,714500,760300,981300
16,80000,672600,899200,907300
17,80000,712100,769400,900400
18,80000,711500,805400,921800
19,80000,723400,816500,914200
20,80000,738300,823000,913800
21,80000,712500,787600,925100
22,80000,781800,742900,957800
23,80000,714900,783700,911000
24,80000,745100,795200,980800
25,80000,694100,975200,916500
26,80000,863500,848100,1048000
27,80000,720600,828900,1015200
28,80000,714500,933600,901500
29,80000,977000,864400,1011100
30,80000,723900,783800,1066200
31,80000,690800,865700,929100
32,80000,737700,781500,908900
33,80000,698900,781900,883900
34,80000,739600,1026100,1008400
35,80000,729600,845700,973500
36,80000,819200,963800,919600
37,80000,833700,860500,918800
38,80000,688500,795600,913300
39,80000,702800,783200,943400
40,80000,768800,966600,920100
41,80000,885200,816200,929600
42,80000,690200,956300,899800
43,80000,700000,782200,915300
44,80000,688600,791400,921200
45,80000,710100,862000,924300
46,80000,749200,1054900,1002899
47,80000,778600,775600,962200
48,80000,719500,765500,955200
49,80000,776800,765400,938100
50,80000,710500,807900,912200
51,80000,1133200,827400,962200
52,80000,686400,788000,939400
53,80000,876400,807400,907500
54,80000,726200,869500,918700
55,80000,699200,801100,919400
56,80000,764500,759600,904000
57,80000,690300,777300,898800
58,80000,851600,862500,957900
59,80000,982700,743800,903100
60,80000,729000,920200,914000
61,80000,703700,892900,911700
62,80000,716600,772300,930700
63,80000,722200,811900,939900
64,80000,702100,809200,980600
65,80000,707800,768400,912500
66,80000,679400,798600,959900
67,80000,1674000,730800,907300
68,80000,979800,775900,1036000
69,80000,695400,822200,993000
70,80000,907000,776600,894200
71,80000,741300,942700,945000
72,80000,1048700,783300,911300
73,80000,798900,763700,920000
74,80000,1041100,762000,1106900
75,80000,1057300,869800,993200
76,80000,693600,842800,1019100
77,80000,709300,774200,910900
78,80000,702100,1000700,926100
79,80000,751800,840800,909000
80,80000,724400,838300,969100
81,80000,705600,767200,1174000
82,80000,777100,783200,959800
83,80000,750500,748000,950900
84,80000,1283700,938400,1105000
85,80000,814600,742300,913400
86,80000,701000,776400,952500
87,80000,780000,749900,904700
88,80000,725400,762300,925100
89,80000,700600,816300,984099
90,80000,745600,816900,958500
91,80000,843100,763600,902100
92,80000,704000,768300,916700
93,80000,675900,769900,921400
94,80000,732600,792600,910200
95,80000,1188300,784100,942300
96,80000,699400,774300,904900
97,80000,836800,830100,917100
98,80000,723200,784300,993100
99,80000,845300,898200,1145200
100,80000,716400,768500,922600
101,80000,888700,847600,922700
102,80000,910800,886600,927200
103,80000,718600,1017300,1124900
104,80000,744500,836800,1120300
105,80000,704600,808300,901500
106,80000,720600,1016600,1153200
107,80000,708100,808800,949100
108,80000,705100,884700,907700
109,80000,687200,791800,895100
110,80000,766600,1093000,1144200
111,80000,763900,776200,903100
112,80000,698600,799300,1019200
113,80000,704900,806400,1140100
114,80000,710700,796500,952700
115,80000,696100,750800,906400
116,80000,908100,803500,910400
117,80000,952900,761700,914600
118,80000,696700,819900,893800
119,80000,736400,827400,944400
120,80000,917000,864800,903100
121,80000,705100,783200,915800
122,80000,709600,717300,893500
123,80000,710500,767400,937000
124,80000,771700,763100,911700
125,80000,745600,777000,903400
126,80000,707200,761800,912000
127,80000,687800,915700,931500
128,80000,716200,788600,908600
129,80000,1102300,877900,929700
130,80000,680900,768300,889100
131,80000,707400,776700,929200
132,80000,709500,777500,919000
133,80000,1558100,698700,887300
134,80000,725100,775300,1019100
135,80000,683700,805400,902800
136,80000,730500,776000,911600
137,80000,705000,812400,917300
138,80000,692400,827200,1156600
139,80000,751300,789800,912100
140,80000,698200,790300,1006500
141,80000,725000,882600,1000800
142,80000,706800,783900,911700
143,80000,695300,779300,921900
144,80000,1680400,696600,903300
145,80000,819700,903500,963400
146,80000,862200,824100,1121900
147,80000,955000,906600,1022500
148,80000,707600,924000,946000
149,80000,709000,810400,915900
150,80000,876500,813700,1010899
151,80000,756000,760600,941200
152,80000,746400,877800,952400
153,80000,680000,795000,933200
154,80000,724800,768800,922200
155,80000,963400,850600,974100
156,80000,706000,1106600,1246900
157,80000,833700,810600,906900
158,80000,706800,798700,941400
159,80000,719200,936700,942400
160,80000,687400,807700,922600
161,80000,750800,736900,1075500
162,80000,707900,1059300,1170700
163,80000,1032600,1141700,1241600
164,80000,721400,1142400,955100
165,80000,749200,803300,913000
166,80000,1751000,743700,909100
167,80000,928600,842500,1037200
168,80000,900100,828800,1001699
169,80000,835800,783600,940100
170,80000,998900,770100,1013599
171,80000,937900,944700,994799
172,80000,681000,799900,933000
173,80000,726200,734800,949800
174,80000,971800,824200,975100
175,80000,1459300,787800,949100
176,80000,684100,815500,1153600
177,80000,691400,813600,1306500
178,80000,722500,780200,1054000
179,80000,921400,773900,1208600
180,80000,735500,763000,953500
181,80000,690200,763300,1005800
182,80000,740700,762400,925500
183,80000,691600,826100,1087800
184,80000,725800,755400,977100
185,80000,696300,825500,905800
186,80000,703900,808500,922400
187,80000,703800,781600,916000
188,80000,713600,835300,958100
189,80000,1006200,897900,947900
190,80000,732600,789100,1064400
191,80000,706500,832400,970000
192,80000,931200,816200,914300
193,80000,718700,822600,1069100
194,80000,712500,888900,961400
195,80000,996500,814700,973100
196,80000,694500,846700,992199
197,80000,708800,837100,942100
198,80000,684900,767200,914200
199,80000,705600,921800,899200
200,80000,683300,775900,935800
1,160000,1071600,849300,1017200
2,160000,993200,796300,1015400
3,160000,998000,818400,1019600
4,160000,940200,890500,1072300
5,160000,930200,805700,990900
6,160000,842500,824300,980100
7,160000,837400,896800,1002800
8,160000,813700,806100,981900
9,160000,829100,803100,1256500
10,160000,856100,841900,984499
11,160000,886700,819800,1126500
12,160000,1016900,833300,982100
13,160000,848800,810600,1072900
14,160000,814200,1028300,964600
15,160000,886200,800100,984400
16,160000,848200,851600,979000
17,160000,829800,813100,1005500
18,160000,925400,851600,1107400
19,160000,787500,820100,996100
20,160000,811000,851300,1199000
21,160000,800400,827200,1048800
22,160000,853900,820400,1030900
23,160000,817800,819000,995800
24,160000,882000,808000,982199
25,160000,808700,805100,991600
26,160000,822200,818600,1008000
27,160000,1010600,837300,979000
28,160000,789500,861900,1034900
29,160000,847600,922500,1026100
30,160000,791800,841700,1097800
31,160000,804000,881100,1015499
32,160000,1060200,970400,1041700
33,160000,924000,990400,1099800
34,160000,1142900,958600,1162000
35,160000,867300,941500,1009500
36,160000,835800,822300,1312800
37,160000,843100,809000,1002000
38,160000,832500,793700,1028800
39,160000,789000,814400,974800
40,160000,810600,783400,1062400
41,160000,822000,826300,1054300
42,160000,799800,821700,1018500
43,160000,994300,859000,1010600
44,160000,1040399,897200,1024000
45,160000,834900,835600,1093200
46,160000,867900,810900,990700
47,160000,843800,821300,962700
48,160000,806400,828500,1000599
49,160000,838000,846800,971300
50,160000,812900,816800,970400
51,160000,928400,777900,1144000
52,160000,828100,845800,982500
53,160000,846100,815200,999700
54,160000,824400,878800,1012700
55,160000,1180000,916800,1161300
56,160000,1347900,944500,1215000
57,160000,912300,837700,1178600
58,160000,841100,848000,989099
59,160000,796900,829000,1011500
60,160000,878500,1142200,1207600
61,160000,1174700,760600,1144800
62,160000,980400,855400,1006100
63,160000,987700,824900,1179900
64,160000,821700,824600,967800
65,160000,881900,842900,1001300
66,160000,934000,799100,1029500
67,160000,1002099,812100,1171200
68,160000,982000,987000,1205500
69,160000,829000,830400,1123700
70,160000,928300,874400,1134300
71,160000,950300,869100,976400
72,160000,797900,856300,983500
73,160000,808500,831400,1040200
74,160000,800600,1018700,1091000
75,160000,803700,783000,975600
76,160000,817700,1012500,1195800
77,160000,917300,885300,1018500
78,160000,823800,821200,989000
79,160000,1142400,861500,1070700
80,160000,808600,838300,1021400
81,160000,794300,830300,968100
82,160000,803500,921600,1038499
83,160000,838500,846700,973500
84,160000,827700,824300,1005400
85,160000,895300,1069100,1309200
86,160000,803200,972200,994799
87,160000,817900,812500,975300
88,160000,943700,827000,992800
89,160000,811400,839800,988400
90,160000,884000,812500,1091800
91,160000,830400,796400,1039200
92,160000,974600,870700,1034800
93,160000,888300,860900,1055500
94,160000,825800,826300,983900
95,160000,806000,831400,985500
96,160000,932100,876800,989400
97,160000,828000,839100,1008800
98,160000,795800,820700,976000
99,160000,867200,1745900,993500
100,160000,819100,848000,993500
101,160000,813200,796800,984899
102,160000,819700,864500,1015099
103,160000,939100,1029000,1058200
104,160000,813900,825700,979000
105,160000,789700,812200,970100
106,160000,800500,868000,977999
107,160000,825900,829000,1010600
108,160000,1045500,800000,1021000
109,160000,898600,894300,1034500
110,160000,1694200,809800,972300
111,160000,907300,848100,974800
112,160000,810600,841800,1035900
113,160000,838300,945800,1170300
114,160000,1010300,948200,993400
115,160000,818300,814600,950800
116,160000,1194000,937100,1088600
117,160000,781600,872100,983300
118,160000,813400,882600,1075100
119,160000,1073000,1110100,1235200
120,160000,874200,989200,1056500
121,160000,855400,903200,1076100
122,160000,808900,885600,1024500
123,160000,817700,1124300,1106400
124,160000,825700,1107000,1399700
125,160000,802500,827400,985500
126,160000,834400,937500,968000
127,160000,824500,968400,1018700
128,160000,1018500,858400,1000500
129,160000,918900,828300,1005300
130,160000,868400,876800,1018199
131,160000,804600,837300,975500
132,160000,804600,820900,1092700
133,160000,845900,857100,988500
134,160000,905500,838600,982800
135,160000,810000,858200,1100400
136,160000,823800,814200,985299
137,160000,972700,896500,988800
138,160000,808800,871200,960500
139,160000,1054200,879900,1010800
140,160000,966100,973500,1033499
141,160000,957300,963500,1060400
142,160000,842200,842000,978399
143,160000,835600,914900,1002800
144,160000,804100,827900,1048900
145,160000,846900,1039400,1221900
146,160000,812500,816400,997099
147,160000,883900,874700,976800
148,160000,811400,877500,998299
149,160000,810600,936300,986399
150,160000,813300,825800,977500
151,160000,1063100,940100,986100
152,160000,871800,836400,1028800
153,160000,801000,916300,1014500
154,160000,818600,841200,986500
155,160000,814000,818700,974000
156,160000,829800,835700,975000
157,160000,843000,803000,1027200
158,160000,804200,791000,1016100
159,160000,812200,887100,1067800
160,160000,834600,810100,967400
161,160000,809000,849300,997000
162,160000,814000,827200,1132200
163,160000,827300,836200,967900
164,160000,981799,953000,1274400
165,160000,806600,823200,977199
166,160000,808700,861700,1005800
167,160000,837200,800600,987599
168,160000,840100,798200,1093300
169,160000,1069600,798000,1001100
170,160000,873400,794000,964900
171,160000,794000,922000,984300
172,160000,791300,795100,969800
173,160000,815900,850900,981300
174,160000,845400,801200,987700
175,160000,1020000,812300,1102500
176,160000,1054600,903600,1054000
177,160000,819800,1197200,1248200
178,160000,931100,826900,1023000
179,160000,808000,911600,985800
180,160000,815100,791200,975100
181,160000,902700,799200,987400
182,160000,869700,846500,1013999
183,160000,874100,895300,991300
184,160000,1229300,1036500,1130900
185,160000,838800,841700,1002899
186,160000,1022799,854100,985299
187,160000,897600,924600,987400
188,160000,914900,929100,1094800
189,160000,818100,833400,1017500
190,160000,862900,846500,1008500
191,160000,813600,803500,1146800
192,160000,810600,837300,972200
193,160000,815900,821400,1188500
194,160000,821800,808900,1012400
195,160000,813000,1188100,1021400
196,160000,817500,830100,997499
197,160000,818300,826800,997499
198,160000,814900,925000,1050100
199,160000,855600,854300,1030399
200,160000,831100,852400,968800
1,320000,1659400,895200,1981900
2,320000,1739500,865100,1926800
3,320000,1715500,985000,1910100
4,320000,1652100,857400,1900800
5,320000,1955100,932500,1892100
6,320000,1846400,935200,1878700
7,320000,1675400,969400,2092100
8,320000,2079999,929800,2145400
9,320000,1637000,858000,1874200
10,320000,1665900,902700,1934600
11,320000,1779100,873000,1908800
12,320000,2094700,1055200,2196100
13,320000,1742900,953500,1848800
14,320000,1858600,875200,1946200
15,320000,1640500,856900,1796700
16,320000,1636400,955300,1866400
17,320000,1795500,842300,1768300
18,320000,1614400,843400,1855400
19,320000,1673000,893200,1878900
20,320000,1731900,1545600,1897800
21,320000,1814200,849200,1877900
22,320000,1825600,865500,1832700
23,320000,1739900,866700,1840900
24,320000,1701100,865000,1841300
25,320000,1712000,866200,1812100
26,320000,1642700,891000,1889100
27,320000,1666300,865200,1844600
28,320000,1805400,863400,1844200
29,320000,1694700,912900,1857600
30,320000,1709600,885700,1801700
31,320000,1650600,995500,7211700
32,320000,1956400,877900,1906200
33,320000,1747200,920600,1848800
34,320000,1700600,865600,1859700
35,320000,1902400,1164000,2239100
36,320000,1840000,882200,1934700
37,320000,1910100,912500,1974200
38,320000,1838500,876100,1896000
39,320000,1730900,919900,1812600
40,320000,1677200,877500,1836000
41,320000,1818100,966200,1819800
42,320000,1800600,897200,1827400
43,320000,1596500,917500,1857100
44,320000,1895000,888100,1848800
45,320000,1660500,838000,1822700
46,320000,1670100,861100,1822400
47,320000,1834200,860600,1880100
48,320000,1697400,844700,1828900
49,320000,2170900,840600,1809500
50,320000,1867700,855900,1819700
51,320000,2379000,1114000,1998499
52,320000,1772700,939200,1937800
53,320000,1680400,877000,1867000
54,320000,1695900,884300,1855100
55,320000,1687300,884800,1799800
56,320000,1728200,886200,1812100
57,320000,1676100,910800,1873100
58,320000,1635000,877700,1984000
59,320000,1818400,895800,1973800
60,320000,1797300,932500,1931500
61,320000,1734900,971400,1859500
62,320000,1690100,870400,1879500
63,320000,1749300,864700,1862200
64,320000,1699600,897500,1832900
65,320000,1723000,935000,1883800
66,320000,1815400,865000,1832100
67,320000,1786500,869700,1867100
68,320000,1686600,991500,1864000
69,320000,1993600,994300,1871500
70,320000,1669100,979600,1915300
71,320000,1695100,907800,1842100
72,320000,1666100,933800,1987399
73,320000,2181700,947100,1921000
74,320000,1723300,845900,1826100
75,320000,1768400,862800,1826000
76,320000,1736600,859700,1804600
77,320000,1860400,869400,1877900
78,320000,1769700,861600,1813700
79,320000,1616100,918700,1902800
80,320000,1667800,872700,1873100
81,320000,1733300,813100,1783800
82,320000,1727600,974000,1962100
83,320000,1562900,889300,1818000
84,320000,1657700,901400,1936300
85,320000,1806000,868100,1976000
86,320000,1677000,864300,1833200
87,320000,1707200,901300,1809300
88,320000,1729300,895000,1841800
89,320000,1755200,879600,1880500
90,320000,1888400,869400,1807100
91,320000,1626300,911600,1853300
92,320000,1654900,874200,1799400
93,320000,1939900,964000,1923600
94,320000,1681400,1090100,1899400
95,320000,1766300,861400,2033399
96,320000,1817100,866000,1844300
97,320000,1678900,881500,1908000
98,320000,1610800,890800,1879700
99,320000,1676300,893000,1944700
100,320000,1765400,888400,1870600
101,320000,1732000,944700,1839700
102,320000,1600700,896300,2013399
103,320000,1723500,865100,2100900
104,320000,2009300,864500,1815800
105,320000,1957200,896100,1825400
106,320000,1944000,1074400,2041100
107,320000,1800200,926500,1856700
108,320000,1715800,862000,1929300
109,320000,1708700,861200,1804200
110,320000,1592200,911600,1917200
111,320000,1681600,888600,1909500
112,320000,1921800,901800,1955700
113,320000,1876800,868600,1828200
114,320000,1798700,993299,1906600
115,320000,1992700,928600,1860200
116,320000,1675500,942600,1862300
117,320000,1830400,1029900,1850800
118,320000,1970099,917400,1845900
119,320000,1983099,1120100,1978100
120,320000,1705800,863800,1864700
121,320000,1772500,879300,1819300
122,320000,1895000,933000,1878400
123,320000,1634200,941900,1874900
124,320000,1706000,938000,1927100
125,320000,1617200,972900,2076100
126,320000,1728900,880400,1896300
127,320000,1740700,869400,1992600
128,320000,2049800,925600,1909200
129,320000,1771200,848200,1838900
130,320000,1881900,1004900,1838600
131,320000,1733300,874800,1832100
132,320000,1701300,875300,1843700
133,320000,1632100,875300,2018900
134,320000,1664100,1007099,1979900
135,320000,1641400,1003600,1861300
136,320000,2037800,954900,1888100
137,320000,1709900,906400,1866000
138,320000,1864300,886400,1878600
139,320000,1803400,885600,1836000
140,320000,1763400,913900,1796700
141,320000,1672700,875700,1866500
142,320000,1728900,969100,1875000
143,320000,1725700,857200,1835100
144,320000,1750100,891700,2025400
145,320000,1668400,871700,1972300
146,320000,1649200,869300,2125100
147,320000,1691700,878800,1947000
148,320000,1704800,893900,2012400
149,320000,1689200,871900,2106200
150,320000,1666200,867900,1955600
151,320000,1687800,967200,2017199
152,320000,1632800,1063500,1910600
153,320000,1707800,896600,1889500
154,320000,1776800,961300,1809300
155,320000,1721500,856500,1866900
156,320000,1838300,846300,1871800
157,320000,1768100,878300,1920300
158,320000,1715800,906900,1805700
159,320000,1645800,902700,1862400
160,320000,1655600,928000,2129700
161,320000,1712400,895100,2158300
162,320000,1723100,859400,1821700
163,320000,1665200,877000,1818800
164,320000,1640800,896700,1826000
165,320000,1694300,960800,2072699
166,320000,1613300,896700,1981800
167,320000,1763000,899900,1806900
168,320000,1654500,907200,1890800
169,320000,1724800,937800,1848600
170,320000,1653600,935400,1817500
171,320000,1652500,916900,1875700
172,320000,1674500,867400,1850700
173,320000,1722700,941100,1841500
174,320000,1683700,933300,1823500
175,320000,1659800,880700,1780700
176,320000,1684000,862000,1897300
177,320000,1853000,974700,1904900
178,320000,1576900,908400,2014499
179,320000,2412300,972300,2074299
180,320000,1656400,876800,1873900
181,320000,1692800,945100,1865700
182,320000,1921000,892500,1871800
183,320000,1675600,882400,1850500
184,320000,1762400,907400,1845500
185,320000,1771800,883100,1843200
186,320000,1663000,915000,1910500
187,320000,1726400,863500,1806300
188,320000,1570800,1048900,2018700
189,320000,1733700,922200,1793900
190,320000,1664000,908700,1851300
191,320000,1728600,857400,1933600
192,320000,1712100,910300,1967200
193,320000,1717500,859500,1779200
194,320000,1686700,875400,1854200
195,320000,1683800,935700,1855700
196,320000,1709200,931400,1793600
197,320000,1643200,875600,1843300
198,320000,1785100,881800,1970700
199,320000,1882600,851600,2015600
200,320000,1984100,927000,2213400
1,640000,2815500,1719400,3531200
2,640000,2879900,1540200,3054100
3,640000,2624700,1533800,3211200
4,640000,2569800,1489500,3103700
5,640000,2489100,1490700,3179400
6,640000,2468500,1499000,3493100
7,640000,3032500,1546700,3170900
8,640000,2510500,1529000,3185600
9,640000,2597000,1522100,3431100
10,640000,2670400,1528100,3147100
11,640000,2431100,1505600,3308500
12,640000,2591100,1499300,3311000
13,640000,2564200,1518300,3187900
14,640000,2547700,1631700,3226200
15,640000,2577900,1514800,3160300
16,640000,2655800,1498500,3441400
17,640000,2824400,1475300,3399600
18,640000,2815400,1647900,3310900
19,640000,2542300,1532300,3531600
20,640000,2631900,1670500,3263800
21,640000,2591600,1494000,3180400
22,640000,2519000,1659100,3482600
23,640000,2624900,1471900,3018000
24,640000,2681000,1557500,3266300
25,640000,2425500,1501500,3253000
26,640000,2729000,1527000,3256400
27,640000,2555400,1879600,3195900
28,640000,2470100,1522200,3079800
29,640000,2646500,1988000,3327300
30,640000,2568100,1509000,3294000
31,640000,2865400,1578700,3322900
32,640000,2556400,1491300,3331600
33,640000,2523900,1451900,3435800
34,640000,2565500,1550900,3218700
35,640000,2600800,1486100,3271400
36,640000,2404100,1519600,3237800
37,640000,2798700,1711800,3288500
38,640000,2718100,1554300,3170300
39,640000,2570400,1790700,3462700
40,640000,2602200,1531400,3238000
41,640000,2514200,1509300,3253500
42,640000,2637100,1851200,3367200
43,640000,2549900,1548300,3434000
44,640000,2652200,1535900,3157000
45,640000,2638300,1575500,3070900
46,640000,2583300,1540700,3190500
47,640000,2725300,1969100,3438500
48,640000,2541600,1530800,3437100
49,640000,2562100,1491200,3209200
50,640000,2556600,1486100,3305100
51,640000,2486900,1490300,3202200
52,640000,2660200,1512700,3286700
53,640000,2769300,1534900,3045200
54,640000,2594900,1572800,3012800
55,640000,2414600,1530400,3517500
56,640000,2470300,1486500,3177100
57,640000,2569800,1482300,3657500
58,640000,2599000,1553900,3169900
59,640000,2735500,1538800,3282900
60,640000,2587700,1605000,3398700
61,640000,2658700,1479500,3213300
62,640000,2545000,1472500,3109700
63,640000,2578600,1502000,3283200
64,640000,2630100,1520600,3186000
65,640000,2482900,1519100,3284000
66,640000,2532600,1464100,3228400
67,640000,2768100,1528500,3532300
68,640000,2649800,1553000,2982000
69,640000,2556200,1512300,3641800
70,640000,2615200,1463400,3243500
71,640000,2524900,1491700,3202700
72,640000,2538700,1474800,3603200
73,640000,2916700,1476100,3231400
74,640000,2654000,1539500,3193500
75,640000,2705700,1509800,3213300
76,640000,2450800,1517300,3327600
77,640000,2577500,1453200,3463100
78,640000,2576900,1495300,3328400
79,640000,2368000,1499500,3654000
80,640000,2659400,1592700,3440000
81,640000,2905700,1712800,5367000
82,640000,2529700,1680000,3301500
83,640000,2461400,1599700,3275200
84,640000,2700800,1480300,3197000
85,640000,2387800,1576700,3258200
86,640000,2682600,1475500,3093700
87,640000,2391100,1516400,3325400
88,640000,2550600,1539700,3149400
89,640000,3148200,1627300,3564300
90,640000,2587400,1494400,3385200
91,640000,2447500,1524000,3339300
92,640000,2486600,1511000,3293200
93,640000,2553900,1505700,3049000
94,640000,2422800,1473100,3276300
95,640000,2631400,1509300,3031600
96,640000,2546700,1519400,3247200
97,640000,2510900,1599700,3703200
98,640000,2652100,1518900,3180300
99,640000,2736300,1453000,3199000
100,640000,2886800,1689600,3373300
101,640000,2666700,1505500,3703700
102,640000,2572900,1539700,3278600
103,640000,2545600,1492600,3121300
104,640000,2601900,1517300,3202600
105,640000,2397300,1498200,3223200
106,640000,2736900,1592100,3190000
107,640000,2589400,1464200,3096800
108,640000,2568400,1507800,3174500
109,640000,2538400,1494400,3102200
110,640000,2565900,1519500,3540100
111,640000,2692900,1586400,3375200
112,640000,2611700,1461900,3055500
113,640000,2579700,1456000,3210400
114,640000,2514400,1534200,3055600
115,640000,2579400,1481300,3369200
116,640000,2597500,1509400,3152200
117,640000,2494400,1535300,3225700
118,640000,2658500,1476600,3173700
119,640000,2660800,1463800,3143500
120,640000,2463000,1508500,3162100
121,640000,2578900,1525900,3143500
122,640000,2635500,1453800,3043300
123,640000,2397700,1472700,3175500
124,640000,2604700,1455800,3154700
125,640000,2630400,1488600,3406000
126,640000,2550200,1498200,3086900
127,640000,2837200,1473600,3189300
128,640000,2542700,1476100,3279300
129,640000,2683400,1515300,3077700
130,640000,2824100,1483300,3192700
131,640000,2789100,1443400,3130800
132,640000,2736500,1456400,3018500
133,640000,2635900,1656900,3443300
134,640000,2901400,1525800,3302100
135,640000,2793700,1501200,3339300
136,640000,2709600,1497000,3210100
137,640000,2850000,1469500,3232300
138,640000,2628300,1509700,3153400
139,640000,2539800,1533000,3223800
140,640000,2922600,1720100,3299200
141,640000,2630800,1537000,3241800
142,640000,2415500,1520100,3168500
143,640000,2420600,1571700,3023800
144,640000,2689500,1591000,3117500
145,640000,2678700,1490100,3095600
146,640000,2504800,1497200,3381400
147,640000,2466900,1512400,3102900
148,640000,2613300,1478800,3340800
149,640000,2684300,1547500,3012200
150,640000,2543700,1546300,3174800
151,640000,2424800,1505600,3134800
152,640000,2550500,1554000,3127000
153,640000,2541300,1569900,3143400
154,640000,2756700,1512100,3256100
155,640000,3001000,1660000,3560800
156,640000,2482600,1541200,3267800
157,640000,2672300,1530500,3089900
158,640000,2764200,1464700,3227400
159,640000,2697500,1548500,3061000
160,640000,2885100,1507900,3168300
161,640000,2445500,1505700,3154000
162,640000,2791500,1526600,3173000
163,640000,2617800,1481800,3069000
164,640000,2804400,1475900,3219100
165,640000,2486100,1611100,3146300
166,640000,2495400,1510800,3202300
167,640000,2654700,1464500,3205700
168,640000,2432900,1550800,3053000
169,640000,2724800,1486300,3022700
170,640000,2565600,1573500,3079400
171,640000,2726200,1484100,3089200
172,640000,2629400,1568300,3102100
173,640000,2575000,1476000,3101400
174,640000,2750800,1498800,3178500
175,640000,2441800,1536100,3113700
176,640000,2541000,1510900,3218300
177,640000,3074100,1683400,3490000
178,640000,2577500,1464400,3302200
179,640000,2675500,1577400,3321300
180,640000,2765300,1615800,3595900
181,640000,2654000,1507200,3074600
182,640000,2660100,1431600,3070400
183,640000,2696800,1539000,3065800
184,640000,2734500,1492900,3057200
185,640000,2834000,1473500,3357600
186,640000,3036400,1531100,3269200
187,640000,2757200,1490400,3209200
188,640000,2589300,1497000,3235400
189,640000,2733800,1503200,3131600
190,640000,2548200,1478900,3125500
191,640000,2405400,1517400,3223800
192,640000,2658800,1476500,3333300
193,640000,2635500,1502700,3263500
194,640000,2759200,1488200,3164500
195,640000,2606300,1477500,3280100
196,640000,2646400,1538200,3168300
197,640000,2604600,1500200,3159500
198,640000,2533500,1509100,3105500
199,640000,2977600,1675400,3127000
200,640000,2724600,1611600,3274900
1,1280000,4574200,2497500,4824300
2,1280000,4580400,2274400,4422000
3,1280000,4530800,2367400,4399700
4,1280000,4448300,2465600,4235400
5,1280000,4585400,2310700,4233200
6,1280000,4475700,2346900,4319300
7,1280000,4520600,2354200,4341500
8,1280000,4544600,2342100,4352800
9,1280000,4531700,2351400,4315000
10,1280000,4571500,2362300,4200300
11,1280000,4475600,2280200,4286000
12,1280000,4538300,2282800,4310000
13,1280000,4359100,2312300,4758500
14,1280000,4576200,2300200,4451200
15,1280000,4111700,2260300,4321700
16,1280000,4490900,2288100,4478500
17,1280000,4763600,2276900,4300600
18,1280000,4088500,2429400,4395700
19,1280000,4550300,2252300,4301100
20,1280000,4644100,2505700,4968100
21,1280000,4969500,2600600,4726900
22,1280000,4689200,2291700,4409200
23,1280000,4637600,2302300,4399600
24,1280000,4294500,2304700,4354000
25,1280000,4607400,2256800,4551500
26,1280000,4418600,2398400,4298600
27,1280000,4604000,2359100,4325200
28,1280000,4743800,2365300,4294200
29,1280000,4314200,2258300,4233300
30,1280000,4647300,2299100,4354500
31,1280000,5324200,2312400,4183600
32,1280000,4585600,2258900,4269700
33,1280000,4153800,2310700,4250900
34,1280000,4583800,2263400,4252100
35,1280000,4544900,2246900,4347400
36,1280000,4696900,2429100,4440900
37,1280000,4787600,2352200,4423400
38,1280000,4578200,2235300,4424500
39,1280000,4675100,2322300,4187899
40,1280000,4613000,2328800,4289500
41,1280000,4361000,2493800,4171700
42,1280000,4176100,2446300,4388600
43,1280000,4821100,2702400,4908700
44,1280000,4229700,2366900,4152500
45,1280000,4743300,2268100,4349400
46,1280000,4882100,2250600,4254000
47,1280000,4574800,2264300,4514900
48,1280000,4678700,2241600,4295600
49,1280000,4503800,2340800,4174100
50,1280000,4650100,2288100,4335600
51,1280000,4734400,2288400,4372800
52,1280000,4574400,2431100,4228000
53,1280000,4203700,2406200,4332400
54,1280000,4938400,2385700,4231900
55,1280000,4642400,2366100,4251000
56,1280000,4525900,2616400,4454200
57,1280000,4256000,2334600,4309800
58,1280000,4520400,2345800,4297100
59,1280000,4644000,2310600,4279700
60,1280000,4750800,3136700,4980700
61,1280000,4677900,2306200,4388600
62,1280000,4764400,2282200,4490400
63,1280000,4486900,2194100,4602500
64,1280000,4716100,2295700,4613900
65,1280000,4846700,2373200,4736400
66,1280000,4333100,2324500,4403000
67,1280000,4572800,2344500,4430000
68,1280000,4555000,2227600,4319800
69,1280000,4543500,2649700,4392200
70,1280000,4638000,2376700,4318000
71,1280000,4271600,2403300,4536400
72,1280000,4709900,2326300,4534200
73,1280000,4671200,2272700,4265500
74,1280000,4300400,2348900,4447300
75,1280000,4715000,2299500,4274300
76,1280000,4452700,2442800,4527400
77,1280000,4162199,2287000,4270500
78,1280000,4598000,2346000,4216100
79,1280000,4607700,2254100,4572300
80,1280000,4675400,2501700,4495800
81,1280000,4247300,2287700,4371700
82,1280000,4876600,2293400,4339800
83,1280000,4215900,2280300,4411400
84,1280000,4755600,2307100,4338700
85,1280000,4638800,2286700,4217900
86,1280000,4684600,2273300,4571500
87,1280000,4639100,2273300,5025900
88,1280000,4596700,2292100,4416000
89,1280000,4679600,2188000,4414600
90,1280000,4378500,2249400,4343500
91,1280000,4448400,2301900,4738300
92,1280000,4597900,2323100,4572400
93,1280000,4665000,2482100,4244200
94,1280000,4163000,2428300,4281700
95,1280000,4484100,2430700,4210300
96,1280000,4512700,2400900,4304200
97,1280000,4522500,2362500,4785200
98,1280000,4623900,2255100,4547700
99,1280000,4502000,2322000,4359700
100,1280000,5175700,2845400,4407800
101,1280000,4611500,2295100,4280500
102,1280000,4372000,2171300,4626800
103,1280000,4257000,2393500,4380000
104,1280000,4662900,2300300,4298900
105,1280000,4678400,2340000,4422300
106,1280000,4749800,2252800,4417700
107,1280000,4833800,2244100,4235100
108,1280000,4552000,2284100,4256200
109,1280000,5034700,2333300,4449100
110,1280000,4509300,2307200,4269900
111,1280000,4570700,2405900,4350700
112,1280000,4680700,2307100,4448900
113,1280000,4827300,2266900,4434800
114,1280000,4414900,2397300,4291300
115,1280000,4510500,2363000,4145500
116,1280000,4617600,2394500,4400600
117,1280000,4436500,2335400,4194299
118,1280000,4573900,2345500,4303500
119,1280000,4962500,2529300,4601600
120,1280000,4472800,2365800,4245500
121,1280000,4701900,2472100,4481400
122,1280000,4572700,2436500,4213700
123,1280000,4472800,2316000,4183799
124,1280000,4507500,2384900,4153900
125,1280000,4358100,2283800,4224200
126,1280000,5050000,2271600,4289000
127,1280000,4197100,2405100,4441100
128,1280000,4557500,2263100,4326300
129,1280000,4830800,2323700,4290800
130,1280000,4222200,2355300,4295300
131,1280000,4549000,2335200,4874100
132,1280000,4494200,2322400,4311000
133,1280000,4554600,2320200,4325000
134,1280000,4598500,2358100,4355100
135,1280000,4612700,2411500,4361600
136,1280000,4126099,2495100,4333500
137,1280000,4370700,2923700,4321600
138,1280000,4471100,2387000,4290500
139,1280000,4522800,2994800,4575400
140,1280000,7297100,3314800,4731400
141,1280000,4600100,2394000,4260000
142,1280000,4411900,2337100,4394000
143,1280000,4404500,2348900,4247900
144,1280000,4466700,2376400,4293800
145,1280000,4329500,2273400,4543900
146,1280000,4892500,2169800,4687000
147,1280000,4653700,2280300,4263400
148,1280000,4750600,2287600,4646400
149,1280000,4722400,2217600,4302500
150,1280000,4532500,2294800,4182100
151,1280000,4469700,2478500,4135500
152,1280000,4593700,2373200,4243800
153,1280000,4363600,2229100,4367700
154,1280000,4510700,2350600,4388500
155,1280000,4234600,2313300,4366700
156,1280000,4597500,2385700,4264700
157,1280000,4807600,2139900,4678800
158,1280000,4585000,2273600,4711900
159,1280000,4492100,2300500,4599900
160,1280000,4151300,2395900,4346500
161,1280000,4515100,2482000,4407300
162,1280000,4632300,2367100,4355700
163,1280000,4566600,2279700,4394200
164,1280000,4115100,2369500,4275700
165,1280000,4279300,2355200,4446300
166,1280000,4842900,2330500,4366300
167,1280000,5103800,2216100,4686400
168,1280000,4549000,2283700,4309100
169,1280000,4528600,2323200,4688400
170,1280000,4541400,2259600,4447400
171,1280000,4618700,2237000,4595000
172,1280000,4576400,2303000,4314700
173,1280000,4213000,2287400,4229200
174,1280000,4547600,2278800,4296700
175,1280000,4557200,2234000,4524600
176,1280000,4808900,2331800,4455800
177,1280000,4985000,2412600,4491300
178,1280000,4293800,2372400,4193100
179,1280000,4464800,2557000,4683300
180,1280000,4236800,2289200,4223300
181,1280000,4737800,2358600,4207000
182,1280000,4642600,2622200,4271400
183,1280000,4488400,2316200,4396300
184,1280000,4507600,2290400,4343300
185,1280000,4531400,2335300,4468000
186,1280000,4645400,2306500,4198900
187,1280000,4780700,2274500,4291600
188,1280000,4583400,2271600,4345400
189,1280000,4498200,2473900,4397400
190,1280000,4516300,2288500,4426800
191,1280000,4538300,2238200,4506500
192,1280000,4353100,2299000,4522600
193,1280000,4443700,2323300,4331000
194,1280000,4499600,2277800,4451400
195,1280000,4345000,2270800,4339000
196,1280000,4597500,2417000,4190500
197,1280000,4694400,2604000,4336900
198,1280000,4474300,2357800,4253100
199,1280000,4880900,2770600,4736800
200,1280000,4316300,2503200,4781200
1,2560000,8120300,3752600,7514300
2,2560000,8176900,3705100,7479000
3,2560000,8499600,3692400,7538700
4,2560000,8101499,3733200,7330300
5,2560000,8284300,3710000,7742700
6,2560000,8105299,3911999,7537400
7,2560000,8124100,4000300,7494900
8,2560000,8158000,3741700,7361100
9,2560000,8221300,3674600,7565700
10,2560000,8159800,3750200,7567000
11,2560000,8255200,3715600,7453500
12,2560000,8314200,3676300,7415000
13,2560000,8086800,3767000,7483800
14,2560000,8275800,3718900,7426500
15,2560000,8318499,3847600,7584900
16,2560000,8177100,3769300,7315300
17,2560000,9602000,4451800,8609600
18,2560000,8042499,3733600,7501400
19,2560000,8349799,3645800,7564400
20,2560000,8235599,3748800,7418200
21,2560000,8130300,3727200,7370500
22,2560000,8141100,3747300,7718600
23,2560000,8199600,3737500,7591400
24,2560000,8073200,3888800,7837699
25,2560000,8286200,3724600,7358700
26,2560000,8025600,3879700,7712500
27,2560000,8240799,3831600,7360700
28,2560000,8219900,3741600,7330400
29,2560000,8176299,3780400,7527900
30,2560000,8122600,3779700,7466700
31,2560000,8377300,3729900,7326100
32,2560000,8214100,3805000,7316900
33,2560000,8132500,3781600,7553600
34,2560000,8725000,3724800,7278100
35,2560000,8599600,4258200,7589900
36,2560000,8211299,3691200,7380400
37,2560000,8887100,3925200,8107599
38,2560000,8200000,4405500,7416800
39,2560000,8181700,4064400,7339500
40,2560000,8223599,3856300,7454000
41,2560000,8263200,3724100,7238500
42,2560000,8085699,3722600,7335900
43,2560000,8235900,3824100,7636100
44,2560000,8241099,3624700,7329900
45,2560000,8127499,3756900,7637200
46,2560000,8361800,3731400,7470500
47,2560000,8062600,3707400,7398000
48,2560000,8312800,3737600,7391300
49,2560000,8228600,3752000,7258100
50,2560000,8189699,3728900,7284500
51,2560000,8035400,3760400,7466600
52,2560000,8007900,3703100,7648200
53,2560000,9167600,4025700,8532100
54,2560000,8027800,3663000,7591100
55,2560000,8289299,3630300,7675700
56,2560000,8299300,3628400,7795300
57,2560000,8152899,3664900,7375100
58,2560000,8485400,3663900,7546300
59,2560000,8160300,3641900,7898700
60,2560000,8549900,3744400,7254900
61,2560000,8105299,3969200,7374700
62,2560000,8563800,3675600,7347800
63,2560000,8386100,3705700,7441600
64,2560000,8281399,3702200,7404800
65,2560000,8111500,3922500,7346200
66,2560000,8220000,3925700,7429100
67,2560000,8227900,3716700,7328000
68,2560000,8055300,3786000,7326200
69,2560000,8348500,3769100,7527000
70,2560000,8276000,3655500,7549700
71,2560000,8854100,3920500,7965000
72,2560000,8715000,4004299,7676200
73,2560000,8572300,3672700,7510300
74,2560000,8156699,3715500,7702200
75,2560000,8245300,3776900,7448100
76,2560000,8694900,3888700,7845000
77,2560000,8075799,3879200,7346300
78,2560000,8424800,3541100,7466800
79,2560000,8299100,3734600,7426900
80,2560000,8195200,3770200,7357800
81,2560000,8089199,3691100,7525900
82,2560000,8200000,3779500,7540300
83,2560000,8217400,3696100,7580300
84,2560000,8122100,3743400,7587100
85,2560000,8218400,3680400,7598300
86,2560000,8207400,3681100,7459000
87,2560000,8479100,3659400,7498300
88,2560000,8326900,3789400,7742900
89,2560000,8781100,4003600,7819400
90,2560000,8101900,3698500,7520500
91,2560000,8395400,3686500,7426500
92,2560000,8011300,3697800,7465800
93,2560000,8161300,3786100,7449700
94,2560000,8130800,3663700,7421700
95,2560000,8052100,3752300,7461700
96,2560000,8668900,3948400,7790900
97,2560000,8362000,3815700,7797300
98,2560000,8314200,3588500,7527000
99,2560000,8212700,3574000,7578100
100,2560000,8234399,3772600,7429200
101,2560000,8190800,3717800,7430200
102,2560000,8103600,3788600,7455000
103,2560000,8204200,3675900,7576600
104,2560000,8408400,3816400,7452200
105,2560000,8266799,3679000,7367700
106,2560000,8039100,3782000,7430500
107,2560000,8198700,3781600,7332400
108,2560000,8075900,3669700,7458500
109,2560000,8503100,3704200,7578300
110,2560000,8418500,3733400,7527700
111,2560000,8317099,3654600,7400100
112,2560000,8023900,3696700,7528200
113,2560000,8426900,3710100,7527600
114,2560000,8490500,3669500,7594300
115,2560000,8291000,3685900,7575000
116,2560000,8561100,3938800,8142399
117,2560000,7933600,3708700,7338900
118,2560000,8109200,3760900,7344600
119,2560000,7962199,3852600,7317500
120,2560000,8572200,3679200,7653200
121,2560000,8324099,3724900,7503300
122,2560000,8105800,3665000,7268900
123,2560000,8743300,3739500,7654400
124,2560000,8332400,3654500,7451500
125,2560000,8779700,4001200,7835699
126,2560000,8329599,3688400,7494800
127,2560000,8221900,3681400,7404200
128,2560000,8305200,3707000,7629400
129,2560000,8219600,3695700,7410600
130,2560000,8023000,3711600,7612600
131,2560000,8128099,3639900,7607800
132,2560000,8453800,3708500,7435900
133,2560000,8242599,3695600,7532400
134,2560000,8252400,3926800,7439200
135,2560000,8208000,3662900,7909400
136,2560000,8659600,4271300,7741400
137,2560000,8177900,3987000,7321300
138,2560000,8511400,4155700,7926900
139,2560000,8614000,4004400,7588500
140,2560000,8053500,3773200,7367300
141,2560000,8198300,3687600,7335900
142,2560000,8259700,3752100,7994800
143,2560000,8381800,3690200,7380200
144,2560000,8423500,3600800,7516900
145,2560000,8387400,3688800,7653300
146,2560000,8116300,3668600,7687700
147,2560000,8270299,3652400,7609500
148,2560000,8405200,3653500,7712700
149,2560000,8149900,3697100,7579400
150,2560000,8272399,3671000,7717000
151,2560000,8260699,3712700,7298200
152,2560000,8114100,3764700,7457400
153,2560000,8707500,3753900,7580400
154,2560000,8260800,3740700,7415800
155,2560000,8180600,3691600,7541000
156,2560000,8269300,3585400,7529100
157,2560000,8027899,3708700,7466400
158,2560000,8320100,3771900,7491700
159,2560000,8437100,3695200,7337500
160,2560000,8157599,3690400,7624800
161,2560000,9371400,4085700,7947100
162,2560000,8198000,3573300,7637100
163,2560000,8287900,3769100,7433100
164,2560000,8385300,3726900,7480500
165,2560000,8079299,3831500,7504100
166,2560000,8054900,3730300,7469400
167,2560000,8213200,3713200,7778300
168,2560000,8334299,3625000,7367500
169,2560000,8123699,3661800,7666900
170,2560000,8405300,3807200,7443100
171,2560000,8185100,3647500,7599700
172,2560000,8274099,3647600,7476700
173,2560000,8141400,3698800,7498500
174,2560000,8243100,3652400,7544100
175,2560000,8155400,3740300,7511000
176,2560000,8371200,3520600,7526200
177,2560000,8743700,3695600,7443500
178,2560000,8261599,3616400,7520700
179,2560000,8879100,3934799,7630500
180,2560000,8964600,3897300,7908500
181,2560000,8311600,3766600,7472900
182,2560000,8211500,3702300,7465800
183,2560000,8034500,3862100,7424100
184,2560000,8183200,3750300,7399700
185,2560000,7989400,3681600,7539500
186,2560000,8213700,3850100,7361500
187,2560000,8222200,3605000,7503200
188,2560000,8267900,3717300,7323800
189,2560000,8120900,3613300,7592200
190,2560000,8026000,3906400,7512200
191,2560000,8276700,3682300,7415500
192,2560000,8379100,3689200,7400100
193,2560000,8720800,3712100,7832499
194,2560000,8456100,3687000,7641600
195,2560000,8293800,3865600,7751300
196,2560000,8249299,4000799,7701600
197,2560000,8709500,3927400,8174300
198,2560000,8155700,3888300,7307300
199,2560000,8331200,3884000,7464900
200,2560000,8556900,4026700,7735700
1,5120000,15325500,7277800,14889600
2,5120000,15736400,7234600,13854500
3,5120000,15657600,7018700,14078700
4,5120000,15653700,7136400,15025800
5,5120000,15022400,7051900,14285100
6,5120000,15542400,7256300,14367200
7,5120000,15695299,7209600,14217500
8,5120000,15970100,7185000,14172700
9,5120000,15469300,7194900,14039800
10,5120000,16023200,7121100,14106300
11,5120000,15787700,7226000,14112000
12,5120000,16583000,7393700,14286100
13,5120000,15530300,7143000,14360200
14,5120000,16108899,7113400,14450000
15,5120000,15989500,6939300,14136400
16,5120000,15366000,6979300,14214000
17,5120000,15829400,7096600,13993300
18,5120000,15870400,7213700,14335400
19,5120000,16128900,7072100,14010400
20,5120000,15721800,7047800,13978800
21,5120000,16033500,7366600,14316700
22,5120000,15412700,7179700,14078900
23,5120000,15690099,7002900,14005100
24,5120000,16484700,7226800,14203800
25,5120000,15864699,7043900,14165700
26,5120000,15357300,7204400,14106200
27,5120000,16201700,7531800,15214500
28,5120000,15843800,7004400,13902100
29,5120000,17569900,7407500,14305300
30,5120000,16230499,7173000,13983600
31,5120000,15499800,7054700,14138900
32,5120000,16351200,6991600,14499700
33,5120000,15557700,6996800,13999400
34,5120000,15225000,7038200,14109200
35,5120000,16130499,6964900,14015400
36,5120000,15926300,7022400,14521700
37,5120000,15784300,7356600,14000400
38,5120000,15733000,7035900,14141400
39,5120000,15971599,7118000,14053500
40,5120000,15978099,7095600,14113200
41,5120000,15746799,7175100,14028000
42,5120000,17216200,7610400,15071300
43,5120000,15768399,7251200,14331300
44,5120000,15948000,7400400,14295200
45,5120000,16917500,7830900,14580600
46,5120000,16216999,7299000,14612500
47,5120000,15727900,7127600,14317500
48,5120000,15320800,7425000,14491900
49,5120000,14968900,7141700,14171600
50,5120000,15719400,7060600,14407600
51,5120000,15952100,7168200,14363700
52,5120000,15698899,7178400,14177200
53,5120000,15974400,7141700,14388600
54,5120000,16000700,7084100,13986700
55,5120000,15552900,7221500,13903700
56,5120000,16846400,8122400,15027500
57,5120000,15984000,7176900,14375300
58,5120000,15895600,7109200,14100500
59,5120000,15853500,7181000,14151400
60,5120000,15709299,7167100,13982700
61,5120000,16934500,7729700,14710900
62,5120000,16418200,7200600,14337900
63,5120000,15886999,7122300,14481100
64,5120000,16296700,7095700,14311000
65,5120000,15498200,7229900,14387600
66,5120000,15752500,7036800,14490800
67,5120000,15978599,7158300,14171300
68,5120000,16255200,7127700,13868700
69,5120000,15730700,7473400,14034600
70,5120000,15787500,7136200,14997600
71,5120000,15205100,7121200,14274200
72,5120000,15977200,7093900,13847800
73,5120000,15553300,7178600,14198100
74,5120000,16127400,7218400,14100300
75,5120000,15954200,7070200,14069900
76,5120000,16120400,7137600,14122800
77,5120000,17547900,7395600,15374400
78,5120000,15837500,7352000,14160100
79,5120000,16321200,7032600,13974000
80,5120000,16392000,7120000,14038400
81,5120000,16088400,7176700,14432200
82,5120000,16085400,7076600,13943900
83,5120000,16174100,6881600,14177000
84,5120000,15782999,7163600,14255900
85,5120000,16502400,7177100,14007900
86,5120000,16886400,7100000,14407300
87,5120000,15778400,7179900,14238700
88,5120000,15988300,7180900,14282200
89,5120000,15988500,6928300,14241500
90,5120000,15669400,7055900,14246400
91,5120000,16129500,7157800,14113900
92,5120000,16112600,7176700,13955400
93,5120000,16985200,7537700,15604600
94,5120000,15923500,7074100,14750300
95,5120000,15816600,7165500,14229500
96,5120000,15907500,7244800,13969100
97,5120000,15603800,7207500,14201000
98,5120000,15957699,7103500,14163300
99,5120000,16052600,6999700,14107100
100,5120000,15899600,7159600,14040000
101,5120000,16102800,7128400,14364900
102,5120000,16243899,7366900,14834300
103,5120000,15958500,7277500,14519200
104,5120000,16518499,7370700,13997300
105,5120000,16362700,7031500,14267900
106,5120000,15981500,7106800,14827100
107,5120000,16097100,7077700,14179900
108,5120000,15703499,7167900,14127700
109,5120000,17010600,7832499,15479200
110,5120000,15709500,7048300,14206000
111,5120000,16194700,7022400,14309300
112,5120000,15756300,7130800,14142600
113,5120000,16023300,7170900,14146500
114,5120000,15843300,6998700,14843300
115,5120000,16216499,7600800,14320400
116,5120000,15941899,6981300,14504000
117,5120000,15989600,7141200,14109900
118,5120000,15689300,7101500,14114100
119,5120000,15696300,7432100,14132000
120,5120000,16062300,7368000,14275100
121,5120000,15672700,7487300,13876500
122,5120000,15253700,7100900,14009000
123,5120000,15913700,7182900,14318200
124,5120000,15895600,7170600,13814700
125,5120000,16676900,7518000,14788600
126,5120000,16467500,7120300,14244900
127,5120000,16018000,7374400,13896300
128,5120000,15919000,7115000,14065600
129,5120000,16743800,7298700,14712100
130,5120000,16987000,7269100,16967000
131,5120000,15687600,7076700,14170800
132,5120000,16088000,7178800,14216800
133,5120000,16095700,7115300,14235500
134,5120000,15780800,7215900,13990200
135,5120000,15949000,7258800,14233300
136,5120000,16367300,7239600,13989200
137,5120000,15699300,7100700,14069000
138,5120000,15986799,7071100,14023500
139,5120000,15411400,7088400,14021600
140,5120000,15668200,7099500,13939000
141,5120000,16220300,7267100,15118800
142,5120000,15665700,7251900,14123000
143,5120000,19585500,7351800,13947900
144,5120000,17504900,7750500,16554800
145,5120000,15724400,7243300,14129500
146,5120000,16121400,7082900,14289500
147,5120000,15835100,7093300,13933800
148,5120000,15564100,7080800,13954300
149,5120000,15715000,7171700,14029100
150,5120000,15397600,7105600,14279800
151,5120000,15416100,7187500,14190800
152,5120000,15951900,7149800,13916500
153,5120000,15895800,7119200,14032100
154,5120000,15880700,7150900,13897900
155,5120000,15525500,7143000,14172000
156,5120000,15728400,7147000,14436700
157,5120000,16335500,7312900,15347100
158,5120000,16521200,7559600,15139600
159,5120000,16539900,7234600,13885400
160,5120000,15687300,7260600,14003900
161,5120000,16253799,7013500,14279300
162,5120000,15790300,7051100,14088200
163,5120000,16178900,7158200,14172500
164,5120000,15985900,6977700,14316500
165,5120000,16313399,7029900,14221100
166,5120000,15724400,7112700,13833300
167,5120000,15869600,7080600,14167300
168,5120000,15506200,7153300,14024400
169,5120000,15651000,6982000,14009100
170,5120000,15671500,7171300,14283800
171,5120000,15658600,7279500,14000000
172,5120000,15897000,7194100,14092100
173,5120000,16302000,7531500,15332300
174,5120000,15689800,7103900,13973500
175,5120000,16939200,7063700,14110800
176,5120000,16104600,7256200,13877700
177,5120000,15845400,7241700,14025400
178,5120000,15626200,7182900,13865900
179,5120000,15885900,7012500,13968400
180,5120000,15434200,6846800,14288200
181,5120000,15961699,7062500,13946500
182,5120000,15980900,7079500,13868100
183,5120000,15697500,7286300,14346100
184,5120000,16190000,7049300,13974900
185,5120000,15653199,7340400,14380300
186,5120000,16324100,7272400,14143100
187,5120000,15393800,7143500,13980800
188,5120000,16108200,7586000,14704200
189,5120000,16282000,7137200,14448700
190,5120000,15198700,7265200,13996200
191,5120000,16126999,7129600,13978100
192,5120000,16081000,7003600,13987900
193,5120000,15827000,7216800,13932100
194,5120000,15781500,7132100,13890400
195,5120000,15351400,7193200,14108700
196,5120000,15816199,7066200,13945100
197,5120000,15828200,7172200,14358100
198,5120000,15957699,7171000,14132500
199,5120000,15650800,7296200,14069200
200,5120000,15699700,7030000,14356700
1,10240000,28472600,14283300,27762200
2,10240000,30450000,14921900,28996500
3,10240000,28828700,14558900,27893100
4,10240000,28587500,14303900,27812600
5,10240000,28744700,14356900,27717300
6,10240000,29474200,14658200,28388700
7,10240000,28827100,14132900,28499200
8,10240000,28726500,14066400,28071700
9,10240000,28606900,14244900,27759900
10,10240000,28978200,14753400,27957300
11,10240000,29225300,14253800,27866700
12,10240000,29111000,14481100,28098400
13,10240000,31091700,14431200,28262600
14,10240000,29044400,14233500,28132500
15,10240000,29168400,14272100,27944200
16,10240000,28723500,14541300,28220400
17,10240000,31313900,14373200,28137000
18,10240000,29125000,14399700,29362300
19,10240000,27703400,14667000,27827700
20,10240000,29085500,14239400,28160600
21,10240000,29836900,14360900,27819600
22,10240000,28333200,14262700,28086700
23,10240000,29190700,14191300,27681500
24,10240000,28865500,14075700,29599200
25,10240000,28661100,14517800,27746200
26,10240000,28584000,14659400,27723000
27,10240000,29198700,14326900,27745700
28,10240000,29093200,14233900,27760300
29,10240000,29420000,14611600,30074200
30,10240000,27740200,14161400,28013800
31,10240000,28936700,14229200,27786400
32,10240000,29294900,14154800,27705100
33,10240000,28753500,14430400,27732900
34,10240000,28660400,14469600,27876200
35,10240000,28877200,14110500,28617000
36,10240000,28477000,14335500,27611600
37,10240000,28452500,14422500,27762000
38,10240000,29068600,14088200,28683900
39,10240000,28910900,14575600,27822900
40,10240000,29450800,14502700,27970900
41,10240000,29046700,14279600,28604800
42,10240000,29041400,14213800,27618700
43,10240000,28271100,14595600,27749100
44,10240000,28972200,13971200,27922700
45,10240000,28816600,14289900,28441600
46,10240000,28902400,14215500,28017400
47,10240000,29883400,14445100,27751800
48,10240000,28645600,14383700,27894900
49,10240000,28400800,14464000,27750200
50,10240000,28687200,14505700,27647300
51,10240000,28691700,14041300,28076100
52,10240000,31075300,14666900,28856300
53,10240000,28866000,14405400,28341300
54,10240000,29631600,14844000,27862000
55,10240000,28950700,14625900,27706400
56,10240000,28687500,14135900,28123700
57,10240000,29140800,15225500,27991900
58,10240000,30068800,14728500,29079400
59,10240000,28498800,14461800,27697200
60,10240000,29028700,14156100,28003500
61,10240000,29015700,14410800,27800200
62,10240000,29498200,14120700,27805600
63,10240000,29056900,14203200,27899600
64,10240000,28194100,14072200,28328700
65,10240000,29536400,14272100,28105900
66,10240000,31519600,14334500,27752500
67,10240000,29264100,14546100,27950600
68,10240000,28415600,15170100,27850100
69,10240000,29802500,14294500,27764400
70,10240000,29862100,14231700,28098100
71,10240000,28493400,14357000,28146300
72,10240000,29188600,14064800,28088900
73,10240000,29139500,14311300,27632200
74,10240000,28991800,14316500,27905700
75,10240000,28720400,14446100,28043600
76,10240000,28627000,14392900,28008000
77,10240000,28696200,14448000,27899900
78,10240000,28551500,14630300,29231400
79,10240000,29462600,14554500,29724700
80,10240000,27628600,14212300,27855100
81,10240000,28788000,14219900,27864000
82,10240000,29286700,14234200,27899100
83,10240000,28837700,14145300,27585500
84,10240000,29024700,14542200,28029100
85,10240000,28844000,14308800,28286500
86,10240000,28612000,14322100,27814400
87,10240000,28584300,14472200,28113000
88,10240000,28618000,14398700,27803100
89,10240000,28910800,14223000,28094000
90,10240000,28635600,14436800,28484800
91,10240000,30249700,15512600,31833100
92,10240000,28857700,14357000,27851800
93,10240000,29025700,14177100,27834900
94,10240000,28648000,14543000,28056400
95,10240000,28562800,14714800,28279000
96,10240000,29073100,14564500,28052500
97,10240000,29044600,14459200,27993600
98,10240000,29023200,14236500,27887000
99,10240000,28509200,14310800,27596700
100,10240000,28864900,14419900,27445200
101,10240000,28684000,14281600,27892200
102,10240000,30339400,14856500,28774100
103,10240000,28884900,14174800,27917700
104,10240000,29628800,14217700,27883000
105,10240000,28808200,14152100,28079800
106,10240000,28539000,14269200,28337300
107,10240000,29038300,14310200,27783700
108,10240000,28814200,14279300,27943600
109,10240000,28907300,14716000,28142800
110,10240000,28990600,15080300,28030100
111,10240000,28623500,14520400,27979300
112,10240000,28998800,14349100,27787800
113,10240000,30901400,14527300,29856800
114,10240000,28919100,14624100,27722000
115,10240000,31408699,14287000,27862700
116,10240000,29718300,14439200,27795400
117,10240000,28564600,14490400,27836700
118,10240000,28645900,14833500,27914600
119,10240000,27776200,14586300,27959500
120,10240000,29118700,14436500,27771100
121,10240000,28990200,14537300,28130200
122,10240000,28608200,14388200,27891100
123,10240000,29211600,14519400,28078700
124,10240000,29739500,14382600,27811500
125,10240000,29187400,14250600,27848000
126,10240000,28831600,14144300,27662400
127,10240000,29118200,14651800,29456700
128,10240000,29000300,14469900,27918600
129,10240000,29048400,14061300,28023100
130,10240000,27976100,14156100,27822900
131,10240000,28578600,14474400,27729000
132,10240000,28399900,14246900,28132700
133,10240000,28649400,14248000,27989300
134,10240000,28795900,14165000,27636900
135,10240000,29035900,14147500,28212700
136,10240000,28564300,14374500,27746600
137,10240000,29141600,14304100,27604800
138,10240000,28892000,14246500,28009000
139,10240000,29101600,14243000,27973500
140,10240000,28860300,14638600,27732600
141,10240000,29519500,14134400,27664300
142,10240000,28936900,14539200,27834300
143,10240000,29089200,14552100,28122900
144,10240000,29671200,14493200,27945000
145,10240000,29740100,14881500,28199400
146,10240000,29016900,14109400,28123600
147,10240000,29184500,14403400,27651400
148,10240000,28346700,14092800,28017600
149,10240000,29521400,14415400,27935800
150,10240000,28609500,14110800,28055900
151,10240000,29058700,14461200,27920600
152,10240000,29232700,14396300,27738800
153,10240000,28789800,14179500,27913300
154,10240000,28645700,14501000,27744500
155,10240000,28884400,14035400,32260600
156,10240000,28819700,14245400,27978000
157,10240000,28811500,14503500,28881300
158,10240000,30330700,18179200,28164400
159,10240000,28487100,14526700,27908100
160,10240000,29076300,14402200,27803000
161,10240000,28611500,14515100,27758200
162,10240000,29669000,14144500,27850700
163,10240000,30885000,14206600,28143900
164,10240000,30685200,14695400,28671200
165,10240000,28821200,14367500,28225900
166,10240000,28644700,14088000,27699500
167,10240000,29010900,14151700,28683600
168,10240000,29134500,14210700,29951300
169,10240000,30891000,14803500,28829100
170,10240000,29017000,14219800,27946400
171,10240000,28729700,14201400,27802600
172,10240000,29083600,14822800,28075900
173,10240000,29047000,14336500,27858600
174,10240000,28272400,14311700,28054200
175,10240000,28957200,14519300,28087500
176,10240000,29684400,14945000,29616700
177,10240000,29162000,14195400,27923300
178,10240000,28822900,14258100,27857700
179,10240000,28624900,14474300,32091300
180,10240000,29528000,15771400,28371000
181,10240000,28375000,14052500,28037600
182,10240000,28954300,14473200,28073200
183,10240000,29254500,14160100,27599800
184,10240000,29383700,14426300,28280100
185,10240000,28476100,14310300,27826200
186,10240000,28866900,14304600,28012500
187,10240000,28952100,14241200,27765800
188,10240000,28623100,14357100,28136400
189,10240000,29325400,14133000,28055700
190,10240000,28534300,14583500,28124400
191,10240000,28978800,14445000,27909300
192,10240000,28820000,14295000,27910800
193,10240000,28574600,14604900,27822500
194,10240000,29194200,14093400,28152100
195,10240000,28702600,14438600,27985400
196,10240000,29324200,14073900,27585100
197,10240000,29040400,14414000,27644900
198,10240000,28962000,14228700,27692300
199,10240000,29236300,14268800,27709100
200,10240000,28947600,14432200,27894000
1,20480000,56974200,27481500,57005300
2,20480000,57403300,27040100,54299900
3,20480000,55396600,27304100,54297500
4,20480000,56471800,27170400,54397900
5,20480000,55559900,29951400,55558000
6,20480000,54485200,27413100,54522900
7,20480000,55684300,27514900,54398500
8,20480000,55701100,27483900,54590300
9,20480000,55837200,29336600,57262500
10,20480000,57504000,27477000,54392000
11,20480000,56195000,27505300,54222700
12,20480000,57548500,28013200,55157000
13,20480000,56664600,27473300,54669700
14,20480000,57048700,27227600,54824300
15,20480000,57181400,27344700,54459500
16,20480000,58019500,27497400,54509200
17,20480000,62528500,30383900,54283000
18,20480000,56842900,27301900,54396200
19,20480000,56986700,27386500,54355800
20,20480000,57129300,27436800,57021300
21,20480000,53494300,27277700,54233900
22,20480000,56258400,27676600,54761300
23,20480000,56063200,27078400,54658400
24,20480000,55914800,27951800,57445300
25,20480000,54823000,27403900,54683100
26,20480000,57010500,29024600,54576700
27,20480000,56447000,27527800,54811400
28,20480000,55463800,27713000,54529300
29,20480000,56157400,27160300,54541500
30,20480000,56805200,27158700,54382200
31,20480000,55831100,27541300,54710300
32,20480000,56188900,27941600,54383100
33,20480000,56155700,27265000,54460900
34,20480000,56968100,27417100,55083100
35,20480000,56744800,27929400,54410000
36,20480000,56893200,27414000,54435800
37,20480000,56213800,27179900,54654500
38,20480000,56283800,30415300,54480900
39,20480000,56795800,27445900,54302400
40,20480000,57015400,27466700,54532600
41,20480000,55794200,27252200,54160800
42,20480000,55464700,27318200,54460300
43,20480000,58210200,28490000,54585800
44,20480000,56066000,28019000,54188400
45,20480000,56929200,27227300,54586700
46,20480000,56680000,27278700,54699700
47,20480000,55535800,27458300,58171700
48,20480000,55359500,27564000,54324600
49,20480000,56168400,27387800,54859300
50,20480000,56148700,27546400,54789700
51,20480000,55432700,27603800,56264600
52,20480000,56887400,27533600,54434800
53,20480000,56753600,28335300,54291600
54,20480000,56947300,27624800,55044300
55,20480000,56667800,28720400,55956400
56,20480000,55784200,27347300,54657700
57,20480000,55891000,27593000,54379600
58,20480000,56947400,27652100,54245200
59,20480000,55136000,27446000,54037800
60,20480000,57950600,27650500,54129300
61,20480000,56513200,27519000,54660400
62,20480000,57032300,27516200,54641600
63,20480000,58313800,27634900,54653800
64,20480000,55774800,27531200,54479200
65,20480000,56811900,27304300,54408400
66,20480000,56590600,27195100,58297400
67,20480000,54828000,27167800,54505000
68,20480000,57012200,27847700,56523000
69,20480000,56166100,27521200,54355200
70,20480000,55343200,27464700,55604300
71,20480000,55888800,27826700,54120900
72,20480000,56308600,27549700,54730200
73,20480000,56399900,27567700,55191300
74,20480000,56749800,27483500,54661700
75,20480000,56355300,27384800,54748800
76,20480000,56545600,27425400,54558400
77,20480000,55958300,28168400,54532700
78,20480000,57468200,28540700,57618000
79,20480000,54817000,27597300,54859500
80,20480000,56093200,27741100,54810100
81,20480000,55908000,27588100,54478800
82,20480000,56176300,27379200,54309200
83,20480000,55777000,27198200,54778400
84,20480000,55756000,27551900,55219000
85,20480000,58134200,29158300,57106100
86,20480000,56658200,28714700,54561200
87,20480000,56741500,27565300,54345200
88,20480000,56423300,27176100,54896000
89,20480000,55962600,28797900,55854900
90,20480000,54816900,27546500,54574500
91,20480000,56584200,27472100,54503500
92,20480000,55801000,27572200,54449200
93,20480000,56325800,27435400,58423600
94,20480000,57687700,27483600,54583500
95,20480000,57187400,27810900,54758400
96,20480000,56998800,27617500,54112100
97,20480000,56804600,27436800,54641100
98,20480000,56186400,27587500,54230800
99,20480000,56605800,27348800,54551800
100,20480000,56608300,27379300,54305700
101,20480000,57717100,27591600,54460900
102,20480000,57775100,27287500,54977200
103,20480000,56356900,27186800,54593200
104,20480000,55674800,27453900,54994400
105,20480000,55651900,27589200,54206700
106,20480000,56033300,27196500,54587700
107,20480000,55767000,27552500,54512300
108,20480000,56121300,29095200,55532500
109,20480000,54718400,27285900,54368900
110,20480000,56178500,28225000,55562200
111,20480000,56877400,27196200,54477000
112,20480000,56101100,27860400,54080800
113,20480000,56242000,27431200,54708500
114,20480000,56328400,27550100,54269000
115,20480000,56690400,27480800,54958600
116,20480000,56571000,27843000,54445100
117,20480000,56529300,27541600,54327800
118,20480000,56749800,27462000,54616900
119,20480000,55778500,28305300,54908900
120,20480000,56167100,27550500,54432300
121,20480000,56373300,27404900,55009000
122,20480000,56121700,27176000,54348200
123,20480000,55949200,28091000,54314800
124,20480000,58464400,27454800,54350700
125,20480000,56159000,27252800,54474400
126,20480000,56822700,27520000,54236500
127,20480000,58035100,29516700,58967700
128,20480000,55710400,27631000,54061900
129,20480000,55511800,27697600,54133600
130,20480000,55804700,27363600,54396700
131,20480000,56315900,27305300,55551200
132,20480000,64353800,27724600,54535400
133,20480000,56204000,27647800,54370200
134,20480000,56476400,27245800,54871000
135,20480000,55924700,27526100,54582800
136,20480000,57280800,27254300,54062100
137,20480000,56865300,27347500,54930700
138,20480000,55697200,27563100,54535200
139,20480000,59149300,28992200,55587800
140,20480000,56779900,27185500,54835600
141,20480000,56851000,27352200,54723000
142,20480000,57189600,27541400,55270600
143,20480000,55483800,27703300,54246100
144,20480000,60733200,27351400,54517200
145,20480000,56527800,27634600,54401400
146,20480000,57152000,27624400,56289700
147,20480000,54541000,28072800,54571900
148,20480000,56586400,27546800,55247800
149,20480000,56577600,27356200,54756200
150,20480000,55943200,28306400,56221100
151,20480000,54633400,27391600,54252000
152,20480000,56052200,27674000,55806100
153,20480000,57163900,27272400,54665100
154,20480000,56649100,27544400,56910600
155,20480000,55878200,27134600,54397500
156,20480000,56538300,27337200,54721400
157,20480000,56954600,27377900,54521100
158,20480000,57472300,27301500,54543000
159,20480000,56578300,27358200,55038400
160,20480000,56631400,27279900,54702900
161,20480000,58638000,27596700,55379800
162,20480000,60602200,28486000,56056900
163,20480000,56824100,27359600,54410100
164,20480000,56321600,28072300,54784700
165,20480000,56685800,27437300,57530600
166,20480000,54709600,27443000,54224900
167,20480000,56178800,27295900,54979300
168,20480000,55735900,27496300,54125900
169,20480000,57031300,29462000,58308300
170,20480000,55826700,27437100,54490600
171,20480000,55244900,27340900,54570900
172,20480000,55137200,27321200,54601300
173,20480000,55981600,27525000,54365500
174,20480000,55540900,27318700,54816000
175,20480000,56444600,27444700,54319700
176,20480000,57358900,27078500,54551900
177,20480000,57208800,27523800,55222800
178,20480000,56729500,27437600,54542400
179,20480000,56631100,27431400,54663100
180,20480000,56577000,27429400,54337700
181,20480000,56440000,27247500,54584100
182,20480000,56567600,27512000,54676600
183,20480000,56568200,27335600,54435700
184,20480000,55912700,27631000,54264400
185,20480000,61688800,27382000,53915700
186,20480000,59187300,27382400,54607600
187,20480000,55432400,27349400,54366300
188,20480000,57241900,28189000,58875300
189,20480000,57858100,27226500,54415700
190,20480000,56771100,27652200,54510700
191,20480000,56498000,27545100,54287300
192,20480000,56311800,27338400,55739700
193,20480000,56375600,27450700,54616800
194,20480000,57342700,27203400,56317200
195,20480000,56566100,27296400,54886500
196,20480000,55449100,27394100,54166400
197,20480000,55770500,27738000,54744400
198,20480000,56084300,27225500,54250400
199,20480000,56203600,27542100,54338000
200,20480000,59094200,29675000,60654400
1,40960000,107103700,54091000,104932300
2,40960000,123504500,53583000,109080600
3,40960000,108591100,53060900,105016000
4,40960000,119243300,53491300,105844200
5,40960000,122613700,55477200,109318000
6,40960000,118772000,52790500,105361200
7,40960000,122293900,53388400,106256100
8,40960000,119457100,52682500,106157000
9,40960000,117383700,53087500,112250300
10,40960000,108208500,53056300,104819000
11,40960000,116682500,53016100,105434700
12,40960000,119135400,60160100,106618700
13,40960000,118814500,53048000,105369600
14,40960000,117333500,52957200,105740800
15,40960000,118494400,53547800,105049200
16,40960000,119089800,53276400,113700800
17,40960000,107613100,53760400,106438500
18,40960000,120778900,53788800,105005300
19,40960000,125256200,52978700,105457100
20,40960000,117776600,52889100,104979200
21,40960000,117711000,53141300,105755900
22,40960000,119501600,53111900,107794900
23,40960000,118323200,53170900,113905900
24,40960000,107060500,53281400,104727900
25,40960000,118417000,53108000,106207100
26,40960000,110272800,53833500,106328300
27,40960000,116667200,53327800,107999000
28,40960000,122233300,63130800,105377100
29,40960000,117423900,53404400,105445000
30,40960000,118468000,58272500,111806900
31,40960000,108086500,53275300,104853800
32,40960000,120982500,53440700,110174300
33,40960000,107579600,53138100,104655200
34,40960000,119616000,54672300,105348700
35,40960000,116448700,53492500,105635400
36,40960000,118836400,53230200,104649700
37,40960000,119806500,53815400,111111100
38,40960000,120923300,53688200,105123900
39,40960000,119199300,53022100,111032400
40,40960000,107880300,53951200,105576000
41,40960000,118073400,52885100,106467300
42,40960000,120903400,53161200,106212000
43,40960000,119854800,53214300,105132000
44,40960000,120132300,53039500,106446700
45,40960000,119444800,53315100,104897100
46,40960000,119620500,52803200,116850700
47,40960000,106758200,53195700,105226500
48,40960000,120580700,53199600,105561800
49,40960000,115768300,53307000,105447500
50,40960000,118149400,53530300,105087400
51,40960000,119899500,55209400,111591600
52,40960000,120653000,53247100,105144400
53,40960000,120845000,55202400,109972500
54,40960000,107235400,53169900,105041900
55,40960000,119268700,53513000,105095700
56,40960000,121715700,53102100,105370700
57,40960000,120316300,52893700,105180600
58,40960000,120729300,56659400,111970800
59,40960000,121401400,53354400,104911100
60,40960000,119026900,54199400,104763700
61,40960000,119039800,53455100,105217300
62,40960000,121162500,53309700,110407200
63,40960000,111755000,54539000,106271900
64,40960000,120324200,52904200,105974600
65,40960000,126805000,52988600,105563400
66,40960000,118970100,52787200,105772800
67,40960000,118769100,52929200,106049100
68,40960000,124472800,53200500,105815700
69,40960000,120065900,53169200,117118700
70,40960000,112304000,52821000,105775800
71,40960000,120098300,53236900,105515600
72,40960000,120002200,53148300,105138600
73,40960000,120372300,56515100,108879200
74,40960000,119782800,55855300,106619400
75,40960000,120148100,53319600,105836100
76,40960000,120003200,54358800,110325200
77,40960000,107558600,53513600,105323600
78,40960000,119769300,56615600,105149000
79,40960000,117834500,53126100,105506900
80,40960000,118760300,52879300,105075800
81,40960000,116130100,52966400,105767400
82,40960000,120518000,53359600,104826200
83,40960000,118462500,60302300,113043200
84,40960000,108768900,52932900,105447500
85,40960000,120195300,53208300,107965600
86,40960000,106573300,53195800,104956600
87,40960000,119669600,52908000,104894800
88,40960000,119423800,53157700,109055800
89,40960000,120795700,53082400,105404000
90,40960000,120459300,52861100,105162700
91,40960000,120745400,52855200,105729100
92,40960000,119633800,53327000,109846900
93,40960000,106130100,52930800,106495400
94,40960000,118836500,53229500,106169300
95,40960000,119741200,53282000,104942200
96,40960000,119247700,53212000,105450300
97,40960000,119529700,54717200,110196000
98,40960000,120566300,56786300,105955200
99,40960000,120616700,53037700,113513400
100,40960000,107813900,53057600,105046700
101,40960000,120387700,53126900,105127500
102,40960000,133098799,53065000,105057400
103,40960000,119623300,53735900,105390500
104,40960000,119503800,53067600,105514800
105,40960000,119306000,53484300,104894600
106,40960000,118522700,54187900,111346500
107,40960000,107406500,53005500,105193600
108,40960000,120419700,53674500,105041100
109,40960000,113156600,53363600,105605900
110,40960000,119800400,53080300,105181500
111,40960000,124504500,61399300,105366200
112,40960000,120037400,53114900,106010100
113,40960000,119274200,58084300,105377300
114,40960000,110570600,53095700,104770200
115,40960000,118859500,53406600,106982600
116,40960000,117754100,52697600,104842500
117,40960000,118596800,53331400,105061200
118,40960000,121335100,53119500,105723600
119,40960000,121349600,53098300,105340900
120,40960000,118103400,54376600,105532200
121,40960000,119367100,53230600,104815400
122,40960000,118622100,53700500,109583800
123,40960000,107125600,52723100,104947700
124,40960000,124325900,53324600,106134100
125,40960000,120137600,52935800,105718900
126,40960000,117202100,53168200,105361700
127,40960000,119952800,53836300,105792400
128,40960000,120295700,53893800,105245200
129,40960000,118582600,54237700,114075200
130,40960000,106573000,53168300,105329500
131,40960000,119231300,53486800,105406500
132,40960000,119161900,53283500,105497700
133,40960000,118535400,53409800,104934400
134,40960000,118589100,55688800,105504000
135,40960000,119704500,53098900,105874600
136,40960000,117853300,53678700,111142000
137,40960000,107245000,53081000,105487700
138,40960000,119277000,53267800,105298400
139,40960000,115752300,54751500,106054100
140,40960000,119764200,53056300,105853600
141,40960000,119109700,53346900,105209500
142,40960000,118153300,53094800,104860000
143,40960000,117740900,57144300,112600300
144,40960000,107320700,53044600,107724000
145,40960000,118836300,53219900,106225200
146,40960000,107747600,53354300,105410100
147,40960000,118688900,53447000,105795400
148,40960000,122392500,54973300,105243400
149,40960000,118152200,53172700,108852400
150,40960000,118215700,53334300,105336100
151,40960000,117889400,53394000,105601400
152,40960000,122120600,53403600,111184900
153,40960000,105371300,53630600,105343700
154,40960000,118077100,53514100,107427900
155,40960000,119240400,53222200,105590700
156,40960000,119124700,53321500,104561500
157,40960000,119456900,56795700,112129100
158,40960000,119341100,53215300,105954300
159,40960000,132084600,58354500,114400300
160,40960000,107722200,52998900,105424600
161,40960000,119268800,53223000,105382700
162,40960000,120199000,54311500,105071700
163,40960000,118646100,52670200,105243800
164,40960000,118858500,53456400,105162800
165,40960000,119279100,53115400,105219500
166,40960000,119411000,56082800,113305100
167,40960000,107089000,52783900,105620300
168,40960000,121276100,53372600,104950900
169,40960000,111714100,52993600,105202700
170,40960000,120142100,53250700,105412900
171,40960000,120472400,53449100,105614000
172,40960000,128050300,52970600,105411900
173,40960000,120545000,58831700,106087500
174,40960000,109251700,53063800,105747300
175,40960000,121188500,53482700,108868000
176,40960000,107305600,52879400,105449500
177,40960000,118544900,53229500,105344100
178,40960000,119532400,53200500,105012900
179,40960000,118481100,53148400,104985300
180,40960000,124590800,53729800,105237600
181,40960000,120485300,53468600,105205000
182,40960000,120225600,53125700,111422000
183,40960000,107986200,53124700,105653900
184,40960000,119067500,52963700,106029100
185,40960000,140253200,53325100,106175800
186,40960000,121804700,52753000,105133400
187,40960000,117698900,53063000,105124800
188,40960000,120207300,54299800,105530200
189,40960000,120641200,54128600,113544500
190,40960000,109928400,53976900,106117000
191,40960000,119755700,53243500,105937000
192,40960000,111266100,53172400,105161500
193,40960000,120389700,53475600,105212700
194,40960000,122317000,55546400,106513300
195,40960000,120707800,56458800,105779900
196,40960000,120595400,58474300,105404200
197,40960000,109629800,53039700,106549900
198,40960000,120382900,52907700,106807300
199,40960000,106792300,53783000,105500000
200,40960000,119244300,54942500,107093700
